------------------------------,--------------------
www.electricblue.eu, Portugal
------------------------------,--------------------
EnvLogger version,2.4
EnvLogger Viewer version,3.9
downloading device type, android
device, SM-G930F
downloading mode, manual
------------------------------,--------------------
serial number, 0445 8800 1115 09
custom name, A3
temperature, degrees Celsius
time zone, UTC+0000
sampling resolution,0.1
samples,2844
time diff [logger-smartphone](sec),113
lat,48.83467
long,-125.135659
accuracy (m),24
------------------------------,--------------------
time,temp
2021-03-19 18:48,6.4
2021-03-19 19:18,6.1
2021-03-19 19:48,6
2021-03-19 20:18,6.6
2021-03-19 20:48,4
2021-03-19 21:18,8.6
2021-03-19 21:48,8.5
2021-03-19 22:18,8.6
2021-03-19 22:48,8.5
2021-03-19 23:18,8.6
2021-03-19 23:48,8.5
2021-03-20 0:18,8.5
2021-03-20 0:48,8.6
2021-03-20 1:18,8.5
2021-03-20 1:48,8.5
2021-03-20 2:18,8.5
2021-03-20 2:48,8.6
2021-03-20 3:18,8.6
2021-03-20 3:48,8.5
2021-03-20 4:18,8.6
2021-03-20 4:48,8.6
2021-03-20 5:18,8.6
2021-03-20 5:48,8.5
2021-03-20 6:18,8.6
2021-03-20 6:48,8.6
2021-03-20 7:18,8.6
2021-03-20 7:48,8.5
2021-03-20 8:18,8.4
2021-03-20 8:48,8.5
2021-03-20 9:18,8.5
2021-03-20 9:48,8.5
2021-03-20 10:18,8.6
2021-03-20 10:48,8.6
2021-03-20 11:18,8.6
2021-03-20 11:48,8.5
2021-03-20 12:18,8.6
2021-03-20 12:48,8.5
2021-03-20 13:18,8.6
2021-03-20 13:48,8.6
2021-03-20 14:18,8.6
2021-03-20 14:48,8.5
2021-03-20 15:18,8.6
2021-03-20 15:48,8.6
2021-03-20 16:18,8.6
2021-03-20 16:48,8.6
2021-03-20 17:18,8.6
2021-03-20 17:48,8.6
2021-03-20 18:18,8.6
2021-03-20 18:48,8.6
2021-03-20 19:18,8.6
2021-03-20 19:48,8.6
2021-03-20 20:18,8.6
2021-03-20 20:48,8.6
2021-03-20 21:18,8.6
2021-03-20 21:48,8.6
2021-03-20 22:18,8.5
2021-03-20 22:48,8.6
2021-03-20 23:18,8.6
2021-03-20 23:48,8.7
2021-03-21 0:18,8.7
2021-03-21 0:48,8.7
2021-03-21 1:18,8.7
2021-03-21 1:48,8.7
2021-03-21 2:18,8.8
2021-03-21 2:48,8.7
2021-03-21 3:18,8.7
2021-03-21 3:48,8.7
2021-03-21 4:18,8.7
2021-03-21 4:48,8.6
2021-03-21 5:18,8.7
2021-03-21 5:48,8.6
2021-03-21 6:18,8.6
2021-03-21 6:48,8.6
2021-03-21 7:18,8.6
2021-03-21 7:48,8.5
2021-03-21 8:18,8.6
2021-03-21 8:48,8.5
2021-03-21 9:18,8.5
2021-03-21 9:48,8.5
2021-03-21 10:18,8.5
2021-03-21 10:48,8.4
2021-03-21 11:18,8.4
2021-03-21 11:48,8.4
2021-03-21 12:18,8.4
2021-03-21 12:48,8.4
2021-03-21 13:18,8.4
2021-03-21 13:48,8.4
2021-03-21 14:18,8.4
2021-03-21 14:48,8.5
2021-03-21 15:18,8.5
2021-03-21 15:48,8.5
2021-03-21 16:18,8.5
2021-03-21 16:48,8.5
2021-03-21 17:18,8.6
2021-03-21 17:48,8.6
2021-03-21 18:18,8.5
2021-03-21 18:48,8.5
2021-03-21 19:18,8.5
2021-03-21 19:48,8.5
2021-03-21 20:18,8.6
2021-03-21 20:48,8.5
2021-03-21 21:18,8.6
2021-03-21 21:48,8.5
2021-03-21 22:18,8.5
2021-03-21 22:48,8.5
2021-03-21 23:18,8.5
2021-03-21 23:48,8.5
2021-03-22 0:18,8.5
2021-03-22 0:48,8.4
2021-03-22 1:18,8.5
2021-03-22 1:48,8.5
2021-03-22 2:18,8.5
2021-03-22 2:48,8.4
2021-03-22 3:18,8.4
2021-03-22 3:48,8.5
2021-03-22 4:18,8.4
2021-03-22 4:48,8.4
2021-03-22 5:18,8.5
2021-03-22 5:48,8.5
2021-03-22 6:18,8.5
2021-03-22 6:48,8.5
2021-03-22 7:18,8.5
2021-03-22 7:48,8.5
2021-03-22 8:18,8.5
2021-03-22 8:48,8.4
2021-03-22 9:18,8.5
2021-03-22 9:48,8.4
2021-03-22 10:18,8.5
2021-03-22 10:48,8.5
2021-03-22 11:18,8.5
2021-03-22 11:48,8.5
2021-03-22 12:18,8.5
2021-03-22 12:48,8.5
2021-03-22 13:18,8.5
2021-03-22 13:48,8.4
2021-03-22 14:18,8.4
2021-03-22 14:48,8.4
2021-03-22 15:18,8.4
2021-03-22 15:48,8.4
2021-03-22 16:18,8.4
2021-03-22 16:48,8.4
2021-03-22 17:18,8.5
2021-03-22 17:48,8.4
2021-03-22 18:18,8.5
2021-03-22 18:48,8.5
2021-03-22 19:18,8.5
2021-03-22 19:48,8.5
2021-03-22 20:18,8.5
2021-03-22 20:48,8.5
2021-03-22 21:18,8.5
2021-03-22 21:48,8.5
2021-03-22 22:18,8.5
2021-03-22 22:48,8.5
2021-03-22 23:18,8.6
2021-03-22 23:48,8.6
2021-03-23 0:18,8.7
2021-03-23 0:48,8.7
2021-03-23 1:18,8.8
2021-03-23 1:48,8.8
2021-03-23 2:18,8.8
2021-03-23 2:48,8.7
2021-03-23 3:18,8.7
2021-03-23 3:48,8.7
2021-03-23 4:18,8.8
2021-03-23 4:48,8.8
2021-03-23 5:18,8.6
2021-03-23 5:48,8.7
2021-03-23 6:18,8.7
2021-03-23 6:48,8.7
2021-03-23 7:18,8.7
2021-03-23 7:48,8.7
2021-03-23 8:18,8.7
2021-03-23 8:48,8.7
2021-03-23 9:18,8.7
2021-03-23 9:48,8.8
2021-03-23 10:18,8.8
2021-03-23 10:48,8.8
2021-03-23 11:18,8.7
2021-03-23 11:48,8.7
2021-03-23 12:18,8.6
2021-03-23 12:48,8.6
2021-03-23 13:18,8.6
2021-03-23 13:48,8.6
2021-03-23 14:18,8.6
2021-03-23 14:48,8.6
2021-03-23 15:18,8.6
2021-03-23 15:48,8.6
2021-03-23 16:18,8.6
2021-03-23 16:48,8.6
2021-03-23 17:18,8.6
2021-03-23 17:48,8.6
2021-03-23 18:18,8.5
2021-03-23 18:48,8.6
2021-03-23 19:18,8.7
2021-03-23 19:48,8.6
2021-03-23 20:18,8.8
2021-03-23 20:48,8.6
2021-03-23 21:18,8.6
2021-03-23 21:48,8.6
2021-03-23 22:18,8.5
2021-03-23 22:48,8.6
2021-03-23 23:18,8.6
2021-03-23 23:48,8.7
2021-03-24 0:18,8.6
2021-03-24 0:48,8.5
2021-03-24 1:18,8.5
2021-03-24 1:48,8.5
2021-03-24 2:18,8.6
2021-03-24 2:48,8.6
2021-03-24 3:18,8.6
2021-03-24 3:48,8.7
2021-03-24 4:18,8.7
2021-03-24 4:48,8.6
2021-03-24 5:18,8.6
2021-03-24 5:48,8.7
2021-03-24 6:18,8.7
2021-03-24 6:48,8.7
2021-03-24 7:18,8.6
2021-03-24 7:48,8.7
2021-03-24 8:18,8.7
2021-03-24 8:48,8.8
2021-03-24 9:18,8.8
2021-03-24 9:48,8.6
2021-03-24 10:18,8.6
2021-03-24 10:48,8.6
2021-03-24 11:18,8.5
2021-03-24 11:48,8.5
2021-03-24 12:18,8.5
2021-03-24 12:48,8.5
2021-03-24 13:18,8.6
2021-03-24 13:48,8.5
2021-03-24 14:18,8.6
2021-03-24 14:48,8.6
2021-03-24 15:18,8.5
2021-03-24 15:48,8.5
2021-03-24 16:18,8.6
2021-03-24 16:48,8.7
2021-03-24 17:18,8.6
2021-03-24 17:48,8.6
2021-03-24 18:18,8.7
2021-03-24 18:48,8.7
2021-03-24 19:18,8.6
2021-03-24 19:48,8.6
2021-03-24 20:18,8.7
2021-03-24 20:48,10.2
2021-03-24 21:18,12.4
2021-03-24 21:48,8.8
2021-03-24 22:18,8.8
2021-03-24 22:48,8.7
2021-03-24 23:18,8.8
2021-03-24 23:48,8.8
2021-03-25 0:18,8.6
2021-03-25 0:48,8.6
2021-03-25 1:18,8.6
2021-03-25 1:48,8.6
2021-03-25 2:18,8.7
2021-03-25 2:48,8.7
2021-03-25 3:18,8.7
2021-03-25 3:48,8.7
2021-03-25 4:18,8.7
2021-03-25 4:48,8.7
2021-03-25 5:18,8.8
2021-03-25 5:48,8.6
2021-03-25 6:18,8.7
2021-03-25 6:48,8.7
2021-03-25 7:18,8.7
2021-03-25 7:48,8.7
2021-03-25 8:18,8.7
2021-03-25 8:48,8.7
2021-03-25 9:18,8.7
2021-03-25 9:48,8.7
2021-03-25 10:18,8.7
2021-03-25 10:48,8.8
2021-03-25 11:18,8.8
2021-03-25 11:48,8.7
2021-03-25 12:18,8.7
2021-03-25 12:48,8.7
2021-03-25 13:18,8.7
2021-03-25 13:48,8.7
2021-03-25 14:18,8.7
2021-03-25 14:48,8.7
2021-03-25 15:18,8.6
2021-03-25 15:48,8.6
2021-03-25 16:18,8.6
2021-03-25 16:48,8.7
2021-03-25 17:18,8.7
2021-03-25 17:48,8.7
2021-03-25 18:18,8.8
2021-03-25 18:48,8.7
2021-03-25 19:18,8.7
2021-03-25 19:48,8.8
2021-03-25 20:18,8.7
2021-03-25 20:48,8.8
2021-03-25 21:18,8.8
2021-03-25 21:48,8.7
2021-03-25 22:18,8.8
2021-03-25 22:48,8.7
2021-03-25 23:18,8.7
2021-03-25 23:48,8.7
2021-03-26 0:18,8.6
2021-03-26 0:48,8.6
2021-03-26 1:18,8.6
2021-03-26 1:48,8.6
2021-03-26 2:18,8.5
2021-03-26 2:48,8.6
2021-03-26 3:18,8.6
2021-03-26 3:48,8.6
2021-03-26 4:18,8.6
2021-03-26 4:48,8.8
2021-03-26 5:18,8.7
2021-03-26 5:48,8.7
2021-03-26 6:18,8.8
2021-03-26 6:48,8.8
2021-03-26 7:18,8.7
2021-03-26 7:48,8.8
2021-03-26 8:18,8.7
2021-03-26 8:48,8.8
2021-03-26 9:18,8.8
2021-03-26 9:48,8.9
2021-03-26 10:18,8.8
2021-03-26 10:48,8.7
2021-03-26 11:18,8.7
2021-03-26 11:48,8.6
2021-03-26 12:18,8.6
2021-03-26 12:48,8.6
2021-03-26 13:18,8.6
2021-03-26 13:48,8.5
2021-03-26 14:18,8.5
2021-03-26 14:48,8.6
2021-03-26 15:18,8.6
2021-03-26 15:48,8.6
2021-03-26 16:18,8.6
2021-03-26 16:48,8.6
2021-03-26 17:18,8.6
2021-03-26 17:48,8.6
2021-03-26 18:18,8.6
2021-03-26 18:48,8.6
2021-03-26 19:18,8.6
2021-03-26 19:48,8.7
2021-03-26 20:18,8.7
2021-03-26 20:48,8.7
2021-03-26 21:18,8.7
2021-03-26 21:48,8.7
2021-03-26 22:18,8.8
2021-03-26 22:48,8.8
2021-03-26 23:18,8.7
2021-03-26 23:48,8.7
2021-03-27 0:18,8.7
2021-03-27 0:48,8.6
2021-03-27 1:18,8.6
2021-03-27 1:48,8.6
2021-03-27 2:18,8.6
2021-03-27 2:48,8.6
2021-03-27 3:18,8.6
2021-03-27 3:48,8.6
2021-03-27 4:18,8.6
2021-03-27 4:48,8.6
2021-03-27 5:18,8.6
2021-03-27 5:48,8.6
2021-03-27 6:18,9.1
2021-03-27 6:48,8.9
2021-03-27 7:18,9
2021-03-27 7:48,8.9
2021-03-27 8:18,8.8
2021-03-27 8:48,9
2021-03-27 9:18,8.9
2021-03-27 9:48,9
2021-03-27 10:18,9
2021-03-27 10:48,8.9
2021-03-27 11:18,9
2021-03-27 11:48,8.9
2021-03-27 12:18,8.9
2021-03-27 12:48,8.8
2021-03-27 13:18,8.8
2021-03-27 13:48,8.8
2021-03-27 14:18,8.8
2021-03-27 14:48,8.8
2021-03-27 15:18,8.8
2021-03-27 15:48,8.8
2021-03-27 16:18,8.8
2021-03-27 16:48,8.8
2021-03-27 17:18,8.8
2021-03-27 17:48,8.9
2021-03-27 18:18,8.9
2021-03-27 18:48,8.8
2021-03-27 19:18,8.9
2021-03-27 19:48,8.8
2021-03-27 20:18,8.8
2021-03-27 20:48,8.8
2021-03-27 21:18,8.9
2021-03-27 21:48,8.9
2021-03-27 22:18,8.9
2021-03-27 22:48,8.8
2021-03-27 23:18,8.8
2021-03-27 23:48,8.9
2021-03-28 0:18,8.9
2021-03-28 0:48,8.8
2021-03-28 1:18,8.9
2021-03-28 1:48,8.8
2021-03-28 2:18,8.8
2021-03-28 2:48,8.8
2021-03-28 3:18,8.8
2021-03-28 3:48,8.8
2021-03-28 4:18,8.8
2021-03-28 4:48,8.8
2021-03-28 5:18,8.8
2021-03-28 5:48,8.8
2021-03-28 6:18,8.8
2021-03-28 6:48,8.8
2021-03-28 7:18,8.8
2021-03-28 7:48,8.9
2021-03-28 8:18,8.9
2021-03-28 8:48,8.9
2021-03-28 9:18,8.9
2021-03-28 9:48,8.8
2021-03-28 10:18,8.9
2021-03-28 10:48,8.9
2021-03-28 11:18,8.9
2021-03-28 11:48,8.9
2021-03-28 12:18,8.9
2021-03-28 12:48,8.8
2021-03-28 13:18,8.8
2021-03-28 13:48,8.8
2021-03-28 14:18,8.8
2021-03-28 14:48,8.8
2021-03-28 15:18,8.7
2021-03-28 15:48,8.7
2021-03-28 16:18,8.7
2021-03-28 16:48,8.7
2021-03-28 17:18,8.8
2021-03-28 17:48,8.8
2021-03-28 18:18,8.7
2021-03-28 18:48,8.8
2021-03-28 19:18,8.7
2021-03-28 19:48,8.8
2021-03-28 20:18,8.8
2021-03-28 20:48,8.7
2021-03-28 21:18,8.8
2021-03-28 21:48,8.7
2021-03-28 22:18,8.8
2021-03-28 22:48,8.9
2021-03-28 23:18,8.8
2021-03-28 23:48,9
2021-03-29 0:18,9
2021-03-29 0:48,9
2021-03-29 1:18,8.9
2021-03-29 1:48,9.1
2021-03-29 2:18,8.9
2021-03-29 2:48,8.9
2021-03-29 3:18,8.9
2021-03-29 3:48,8.9
2021-03-29 4:18,8.8
2021-03-29 4:48,8.8
2021-03-29 5:18,8.8
2021-03-29 5:48,8.8
2021-03-29 6:18,8.8
2021-03-29 6:48,8.8
2021-03-29 7:18,8.8
2021-03-29 7:48,8.8
2021-03-29 8:18,8.8
2021-03-29 8:48,8.7
2021-03-29 9:18,8.7
2021-03-29 9:48,8.8
2021-03-29 10:18,8.8
2021-03-29 10:48,8.8
2021-03-29 11:18,8.8
2021-03-29 11:48,8.8
2021-03-29 12:18,8.8
2021-03-29 12:48,8.8
2021-03-29 13:18,8.8
2021-03-29 13:48,8.7
2021-03-29 14:18,8.8
2021-03-29 14:48,8.8
2021-03-29 15:18,8.8
2021-03-29 15:48,8.8
2021-03-29 16:18,8.7
2021-03-29 16:48,8.8
2021-03-29 17:18,8.8
2021-03-29 17:48,8.7
2021-03-29 18:18,8.8
2021-03-29 18:48,8.8
2021-03-29 19:18,8.7
2021-03-29 19:48,8.7
2021-03-29 20:18,8.7
2021-03-29 20:48,8.7
2021-03-29 21:18,8.8
2021-03-29 21:48,8.8
2021-03-29 22:18,8.8
2021-03-29 22:48,8.8
2021-03-29 23:18,9
2021-03-29 23:48,9
2021-03-30 0:18,9.2
2021-03-30 0:48,9.5
2021-03-30 1:18,9.3
2021-03-30 1:48,9.5
2021-03-30 2:18,9.5
2021-03-30 2:48,9.6
2021-03-30 3:18,9.4
2021-03-30 3:48,9.3
2021-03-30 4:18,9.2
2021-03-30 4:48,9.2
2021-03-30 5:18,8.9
2021-03-30 5:48,9.2
2021-03-30 6:18,9.1
2021-03-30 6:48,9.3
2021-03-30 7:18,9.2
2021-03-30 7:48,8.9
2021-03-30 8:18,9
2021-03-30 8:48,9
2021-03-30 9:18,9
2021-03-30 9:48,9
2021-03-30 10:18,9
2021-03-30 10:48,9
2021-03-30 11:18,9.1
2021-03-30 11:48,9.2
2021-03-30 12:18,9.1
2021-03-30 12:48,9.2
2021-03-30 13:18,9.1
2021-03-30 13:48,9.1
2021-03-30 14:18,9.1
2021-03-30 14:48,9
2021-03-30 15:18,9
2021-03-30 15:48,8.9
2021-03-30 16:18,8.8
2021-03-30 16:48,8.8
2021-03-30 17:18,8.7
2021-03-30 17:48,8.8
2021-03-30 18:18,8.9
2021-03-30 18:48,8.8
2021-03-30 19:18,8.8
2021-03-30 19:48,8.8
2021-03-30 20:18,8.8
2021-03-30 20:48,8.8
2021-03-30 21:18,8.9
2021-03-30 21:48,8.9
2021-03-30 22:18,8.9
2021-03-30 22:48,8.9
2021-03-30 23:18,8.9
2021-03-30 23:48,8.9
2021-03-31 0:18,8.9
2021-03-31 0:48,9.1
2021-03-31 1:18,9.1
2021-03-31 1:48,8.9
2021-03-31 2:18,8.9
2021-03-31 2:48,8.9
2021-03-31 3:18,8.9
2021-03-31 3:48,8.8
2021-03-31 4:18,9
2021-03-31 4:48,8.9
2021-03-31 5:18,8.9
2021-03-31 5:48,8.9
2021-03-31 6:18,8.9
2021-03-31 6:48,8.9
2021-03-31 7:18,8.7
2021-03-31 7:48,8.9
2021-03-31 8:18,8.9
2021-03-31 8:48,8.8
2021-03-31 9:18,8.9
2021-03-31 9:48,8.9
2021-03-31 10:18,8.8
2021-03-31 10:48,8.9
2021-03-31 11:18,8.8
2021-03-31 11:48,8.8
2021-03-31 12:18,8.8
2021-03-31 12:48,8.8
2021-03-31 13:18,8.9
2021-03-31 13:48,9
2021-03-31 14:18,8.9
2021-03-31 14:48,9
2021-03-31 15:18,8.8
2021-03-31 15:48,8.9
2021-03-31 16:18,8.9
2021-03-31 16:48,8.9
2021-03-31 17:18,8.7
2021-03-31 17:48,8.7
2021-03-31 18:18,8.8
2021-03-31 18:48,8.7
2021-03-31 19:18,8.7
2021-03-31 19:48,8.7
2021-03-31 20:18,8.7
2021-03-31 20:48,8.8
2021-03-31 21:18,8.9
2021-03-31 21:48,8.8
2021-03-31 22:18,8.8
2021-03-31 22:48,8.8
2021-03-31 23:18,8.8
2021-03-31 23:48,8.9
2021-04-01 0:18,9
2021-04-01 0:48,8.9
2021-04-01 1:18,8.8
2021-04-01 1:48,8.8
2021-04-01 2:18,9
2021-04-01 2:48,8.9
2021-04-01 3:18,8.9
2021-04-01 3:48,8.8
2021-04-01 4:18,8.8
2021-04-01 4:48,8.8
2021-04-01 5:18,8.8
2021-04-01 5:48,8.8
2021-04-01 6:18,8.9
2021-04-01 6:48,8.9
2021-04-01 7:18,8.9
2021-04-01 7:48,8.8
2021-04-01 8:18,8.9
2021-04-01 8:48,8.9
2021-04-01 9:18,9
2021-04-01 9:48,8.9
2021-04-01 10:18,8.8
2021-04-01 10:48,8.9
2021-04-01 11:18,9.1
2021-04-01 11:48,9
2021-04-01 12:18,8.9
2021-04-01 12:48,8.9
2021-04-01 13:18,9.1
2021-04-01 13:48,9.1
2021-04-01 14:18,9.1
2021-04-01 14:48,9.1
2021-04-01 15:18,8.9
2021-04-01 15:48,8.9
2021-04-01 16:18,8.9
2021-04-01 16:48,8.9
2021-04-01 17:18,8.9
2021-04-01 17:48,8.9
2021-04-01 18:18,8.9
2021-04-01 18:48,8.9
2021-04-01 19:18,8.9
2021-04-01 19:48,8.9
2021-04-01 20:18,8.9
2021-04-01 20:48,8.9
2021-04-01 21:18,9
2021-04-01 21:48,9.1
2021-04-01 22:18,9.1
2021-04-01 22:48,9.1
2021-04-01 23:18,9
2021-04-01 23:48,8.9
2021-04-02 0:18,9
2021-04-02 0:48,8.9
2021-04-02 1:18,9
2021-04-02 1:48,9
2021-04-02 2:18,9
2021-04-02 2:48,9
2021-04-02 3:18,9
2021-04-02 3:48,9
2021-04-02 4:18,9
2021-04-02 4:48,9.1
2021-04-02 5:18,9.1
2021-04-02 5:48,9.1
2021-04-02 6:18,9
2021-04-02 6:48,9.1
2021-04-02 7:18,9.2
2021-04-02 7:48,9.2
2021-04-02 8:18,9
2021-04-02 8:48,9.2
2021-04-02 9:18,9.2
2021-04-02 9:48,9.2
2021-04-02 10:18,9.2
2021-04-02 10:48,9.1
2021-04-02 11:18,9.1
2021-04-02 11:48,9.2
2021-04-02 12:18,9.1
2021-04-02 12:48,9.1
2021-04-02 13:18,9.1
2021-04-02 13:48,9.1
2021-04-02 14:18,9.1
2021-04-02 14:48,9.1
2021-04-02 15:18,9.1
2021-04-02 15:48,9
2021-04-02 16:18,9
2021-04-02 16:48,8.9
2021-04-02 17:18,8.9
2021-04-02 17:48,8.9
2021-04-02 18:18,9
2021-04-02 18:48,8.8
2021-04-02 19:18,8.8
2021-04-02 19:48,8.8
2021-04-02 20:18,8.8
2021-04-02 20:48,8.8
2021-04-02 21:18,8.8
2021-04-02 21:48,8.8
2021-04-02 22:18,8.8
2021-04-02 22:48,8.8
2021-04-02 23:18,9.1
2021-04-02 23:48,8.9
2021-04-03 0:18,8.8
2021-04-03 0:48,8.9
2021-04-03 1:18,9
2021-04-03 1:48,9.1
2021-04-03 2:18,9.1
2021-04-03 2:48,9
2021-04-03 3:18,9
2021-04-03 3:48,9
2021-04-03 4:18,8.9
2021-04-03 4:48,9
2021-04-03 5:18,8.9
2021-04-03 5:48,8.9
2021-04-03 6:18,8.9
2021-04-03 6:48,9
2021-04-03 7:18,9
2021-04-03 7:48,9
2021-04-03 8:18,8.8
2021-04-03 8:48,8.8
2021-04-03 9:18,8.8
2021-04-03 9:48,8.8
2021-04-03 10:18,8.8
2021-04-03 10:48,9
2021-04-03 11:18,9
2021-04-03 11:48,9
2021-04-03 12:18,8.9
2021-04-03 12:48,9
2021-04-03 13:18,9
2021-04-03 13:48,9
2021-04-03 14:18,9
2021-04-03 14:48,9
2021-04-03 15:18,9
2021-04-03 15:48,8.9
2021-04-03 16:18,8.9
2021-04-03 16:48,9
2021-04-03 17:18,9
2021-04-03 17:48,8.9
2021-04-03 18:18,8.8
2021-04-03 18:48,8.9
2021-04-03 19:18,8.8
2021-04-03 19:48,8.8
2021-04-03 20:18,8.8
2021-04-03 20:48,8.9
2021-04-03 21:18,8.9
2021-04-03 21:48,8.9
2021-04-03 22:18,8.9
2021-04-03 22:48,9
2021-04-03 23:18,9
2021-04-03 23:48,8.9
2021-04-04 0:18,8.8
2021-04-04 0:48,9.1
2021-04-04 1:18,9.1
2021-04-04 1:48,9.1
2021-04-04 2:18,9
2021-04-04 2:48,9.3
2021-04-04 3:18,9.1
2021-04-04 3:48,9.1
2021-04-04 4:18,9.1
2021-04-04 4:48,9.2
2021-04-04 5:18,9.2
2021-04-04 5:48,9.2
2021-04-04 6:18,9.2
2021-04-04 6:48,9.2
2021-04-04 7:18,9.1
2021-04-04 7:48,9.1
2021-04-04 8:18,9.1
2021-04-04 8:48,9.1
2021-04-04 9:18,9.1
2021-04-04 9:48,9.1
2021-04-04 10:18,9.1
2021-04-04 10:48,9
2021-04-04 11:18,9
2021-04-04 11:48,9
2021-04-04 12:18,9
2021-04-04 12:48,9
2021-04-04 13:18,9
2021-04-04 13:48,9
2021-04-04 14:18,9
2021-04-04 14:48,9
2021-04-04 15:18,9
2021-04-04 15:48,9
2021-04-04 16:18,9
2021-04-04 16:48,8.9
2021-04-04 17:18,9
2021-04-04 17:48,8.9
2021-04-04 18:18,8.9
2021-04-04 18:48,8.9
2021-04-04 19:18,9
2021-04-04 19:48,9
2021-04-04 20:18,9
2021-04-04 20:48,9.1
2021-04-04 21:18,9.1
2021-04-04 21:48,9.1
2021-04-04 22:18,8.9
2021-04-04 22:48,8.9
2021-04-04 23:18,9
2021-04-04 23:48,9
2021-04-05 0:18,8.8
2021-04-05 0:48,8.9
2021-04-05 1:18,9.1
2021-04-05 1:48,9
2021-04-05 2:18,9
2021-04-05 2:48,9.1
2021-04-05 3:18,9.3
2021-04-05 3:48,9.6
2021-04-05 4:18,9.4
2021-04-05 4:48,9.2
2021-04-05 5:18,9.3
2021-04-05 5:48,9.2
2021-04-05 6:18,9.2
2021-04-05 6:48,9.3
2021-04-05 7:18,9.4
2021-04-05 7:48,9.2
2021-04-05 8:18,9.1
2021-04-05 8:48,9.2
2021-04-05 9:18,9.2
2021-04-05 9:48,9.1
2021-04-05 10:18,9.1
2021-04-05 10:48,9
2021-04-05 11:18,9
2021-04-05 11:48,9.1
2021-04-05 12:18,9.2
2021-04-05 12:48,9.1
2021-04-05 13:18,9
2021-04-05 13:48,8.9
2021-04-05 14:18,8.9
2021-04-05 14:48,8.9
2021-04-05 15:18,9
2021-04-05 15:48,9
2021-04-05 16:18,9
2021-04-05 16:48,8.9
2021-04-05 17:18,9
2021-04-05 17:48,9.1
2021-04-05 18:18,9.1
2021-04-05 18:48,9
2021-04-05 19:18,9
2021-04-05 19:48,9
2021-04-05 20:18,9
2021-04-05 20:48,9.1
2021-04-05 21:18,9.1
2021-04-05 21:48,8.9
2021-04-05 22:18,8.9
2021-04-05 22:48,8.8
2021-04-05 23:18,8.7
2021-04-05 23:48,8.7
2021-04-06 0:18,8.8
2021-04-06 0:48,9
2021-04-06 1:18,8.8
2021-04-06 1:48,8.9
2021-04-06 2:18,8.9
2021-04-06 2:48,8.9
2021-04-06 3:18,9
2021-04-06 3:48,8.9
2021-04-06 4:18,9
2021-04-06 4:48,9.2
2021-04-06 5:18,9.5
2021-04-06 5:48,9.3
2021-04-06 6:18,9.3
2021-04-06 6:48,9.2
2021-04-06 7:18,9.3
2021-04-06 7:48,9.2
2021-04-06 8:18,9.4
2021-04-06 8:48,9.4
2021-04-06 9:18,9.3
2021-04-06 9:48,9.3
2021-04-06 10:18,9.3
2021-04-06 10:48,9.3
2021-04-06 11:18,9.3
2021-04-06 11:48,9.2
2021-04-06 12:18,9.2
2021-04-06 12:48,9.2
2021-04-06 13:18,9.1
2021-04-06 13:48,9.1
2021-04-06 14:18,9.1
2021-04-06 14:48,9.1
2021-04-06 15:18,9.1
2021-04-06 15:48,9
2021-04-06 16:18,9
2021-04-06 16:48,9.1
2021-04-06 17:18,9.1
2021-04-06 17:48,9.2
2021-04-06 18:18,9.1
2021-04-06 18:48,9.2
2021-04-06 19:18,9.2
2021-04-06 19:48,9.2
2021-04-06 20:18,9.1
2021-04-06 20:48,9
2021-04-06 21:18,9
2021-04-06 21:48,8.9
2021-04-06 22:18,9
2021-04-06 22:48,8.9
2021-04-06 23:18,8.8
2021-04-06 23:48,8.9
2021-04-07 0:18,9
2021-04-07 0:48,9.1
2021-04-07 1:18,9
2021-04-07 1:48,8.9
2021-04-07 2:18,8.9
2021-04-07 2:48,8.8
2021-04-07 3:18,8.9
2021-04-07 3:48,8.9
2021-04-07 4:18,9.1
2021-04-07 4:48,9.1
2021-04-07 5:18,9.1
2021-04-07 5:48,9.5
2021-04-07 6:18,9.5
2021-04-07 6:48,9.3
2021-04-07 7:18,9.3
2021-04-07 7:48,9.2
2021-04-07 8:18,9.1
2021-04-07 8:48,9.2
2021-04-07 9:18,9.3
2021-04-07 9:48,9.3
2021-04-07 10:18,9.3
2021-04-07 10:48,9
2021-04-07 11:18,9
2021-04-07 11:48,9.2
2021-04-07 12:18,9.1
2021-04-07 12:48,9.2
2021-04-07 13:18,9.3
2021-04-07 13:48,9.4
2021-04-07 14:18,9.2
2021-04-07 14:48,9.2
2021-04-07 15:18,9.1
2021-04-07 15:48,9.3
2021-04-07 16:18,9.2
2021-04-07 16:48,9
2021-04-07 17:18,9.2
2021-04-07 17:48,9.1
2021-04-07 18:18,9.3
2021-04-07 18:48,9.3
2021-04-07 19:18,9.4
2021-04-07 19:48,9.5
2021-04-07 20:18,9.4
2021-04-07 20:48,9.4
2021-04-07 21:18,9.2
2021-04-07 21:48,9.3
2021-04-07 22:18,9.2
2021-04-07 22:48,9.5
2021-04-07 23:18,9.4
2021-04-07 23:48,9.3
2021-04-08 0:18,9.1
2021-04-08 0:48,5.9
2021-04-08 1:18,6
2021-04-08 1:48,6.1
2021-04-08 2:18,6.3
2021-04-08 2:48,6.4
2021-04-08 3:18,6.3
2021-04-08 3:48,6.5
2021-04-08 4:18,4.5
2021-04-08 4:48,4.4
2021-04-08 5:18,4.5
2021-04-08 5:48,4.6
2021-04-08 6:18,4.7
2021-04-08 6:48,4.6
2021-04-08 7:18,4.6
2021-04-08 7:48,4.7
2021-04-08 8:18,5
2021-04-08 8:48,4.6
2021-04-08 9:18,4.1
2021-04-08 9:48,3.5
2021-04-08 10:18,3
2021-04-08 10:48,2.5
2021-04-08 11:18,2.3
2021-04-08 11:48,1.8
2021-04-08 12:18,1.4
2021-04-08 12:48,1.3
2021-04-08 13:18,1.1
2021-04-08 13:48,1
2021-04-08 14:18,0.9
2021-04-08 14:48,1
2021-04-08 15:18,1.6
2021-04-08 15:48,2.4
2021-04-08 16:18,2.9
2021-04-08 16:48,3.3
2021-04-08 17:18,3.5
2021-04-08 17:48,3.7
2021-04-08 18:18,4.1
2021-04-08 18:48,4.9
2021-04-08 19:18,6.6
2021-04-08 19:48,7.8
2021-04-08 20:18,6.6
2021-04-08 20:48,7.6
2021-04-08 21:18,8.4
2021-04-08 21:48,8.3
2021-04-08 22:18,10.5
2021-04-08 22:48,11.5
2021-04-08 23:18,12.1
2021-04-08 23:48,10.5
2021-04-09 0:18,9.3
2021-04-09 0:48,9
2021-04-09 1:18,9.4
2021-04-09 1:48,8.6
2021-04-09 2:18,9.1
2021-04-09 2:48,9.2
2021-04-09 3:18,9.2
2021-04-09 3:48,9.3
2021-04-09 4:18,9.8
2021-04-09 4:48,9.8
2021-04-09 5:18,9.9
2021-04-09 5:48,9.9
2021-04-09 6:18,9.8
2021-04-09 6:48,9.7
2021-04-09 7:18,9.7
2021-04-09 7:48,9.8
2021-04-09 8:18,9.6
2021-04-09 8:48,9.5
2021-04-09 9:18,9.6
2021-04-09 9:48,9.4
2021-04-09 10:18,9.3
2021-04-09 10:48,9.3
2021-04-09 11:18,9.2
2021-04-09 11:48,9.4
2021-04-09 12:18,9.3
2021-04-09 12:48,9.4
2021-04-09 13:18,9.3
2021-04-09 13:48,9.2
2021-04-09 14:18,9.2
2021-04-09 14:48,9.1
2021-04-09 15:18,9.2
2021-04-09 15:48,8.9
2021-04-09 16:18,8.9
2021-04-09 16:48,9
2021-04-09 17:18,9.3
2021-04-09 17:48,9.2
2021-04-09 18:18,9.3
2021-04-09 18:48,9.1
2021-04-09 19:18,9.3
2021-04-09 19:48,9.4
2021-04-09 20:18,9.3
2021-04-09 20:48,9.4
2021-04-09 21:18,9.4
2021-04-09 21:48,9.3
2021-04-09 22:18,9.4
2021-04-09 22:48,9.2
2021-04-09 23:18,9.2
2021-04-09 23:48,9.2
2021-04-10 0:18,9.3
2021-04-10 0:48,9.3
2021-04-10 1:18,9.4
2021-04-10 1:48,9.4
2021-04-10 2:18,9.4
2021-04-10 2:48,9.3
2021-04-10 3:18,9.3
2021-04-10 3:48,9.2
2021-04-10 4:18,9.2
2021-04-10 4:48,9.2
2021-04-10 5:18,9.2
2021-04-10 5:48,9.2
2021-04-10 6:18,9.2
2021-04-10 6:48,9.2
2021-04-10 7:18,9.2
2021-04-10 7:48,9.2
2021-04-10 8:18,9.1
2021-04-10 8:48,9.1
2021-04-10 9:18,9.1
2021-04-10 9:48,9.1
2021-04-10 10:18,9.1
2021-04-10 10:48,9.2
2021-04-10 11:18,9.2
2021-04-10 11:48,9.1
2021-04-10 12:18,9.1
2021-04-10 12:48,9.2
2021-04-10 13:18,9.1
2021-04-10 13:48,9.1
2021-04-10 14:18,9.1
2021-04-10 14:48,9.1
2021-04-10 15:18,9
2021-04-10 15:48,9
2021-04-10 16:18,9
2021-04-10 16:48,9
2021-04-10 17:18,9
2021-04-10 17:48,8.9
2021-04-10 18:18,8.9
2021-04-10 18:48,9.1
2021-04-10 19:18,8.9
2021-04-10 19:48,9
2021-04-10 20:18,8.9
2021-04-10 20:48,8.9
2021-04-10 21:18,8.9
2021-04-10 21:48,9.1
2021-04-10 22:18,8.9
2021-04-10 22:48,9.1
2021-04-10 23:18,9.1
2021-04-10 23:48,9.1
2021-04-11 0:18,9.3
2021-04-11 0:48,9.8
2021-04-11 1:18,9.8
2021-04-11 1:48,9.7
2021-04-11 2:18,10
2021-04-11 2:48,9.4
2021-04-11 3:18,9.2
2021-04-11 3:48,9.2
2021-04-11 4:18,9.2
2021-04-11 4:48,9.2
2021-04-11 5:18,9.1
2021-04-11 5:48,9.2
2021-04-11 6:18,9.2
2021-04-11 6:48,9.4
2021-04-11 7:18,9.5
2021-04-11 7:48,9.6
2021-04-11 8:18,9.3
2021-04-11 8:48,9.4
2021-04-11 9:18,9.4
2021-04-11 9:48,9.5
2021-04-11 10:18,9.5
2021-04-11 10:48,9.4
2021-04-11 11:18,9.6
2021-04-11 11:48,9.5
2021-04-11 12:18,9.5
2021-04-11 12:48,9.6
2021-04-11 13:18,9.4
2021-04-11 13:48,9.4
2021-04-11 14:18,9.4
2021-04-11 14:48,9.4
2021-04-11 15:18,9.2
2021-04-11 15:48,9.1
2021-04-11 16:18,8.9
2021-04-11 16:48,8.9
2021-04-11 17:18,8.9
2021-04-11 17:48,8.9
2021-04-11 18:18,8.9
2021-04-11 18:48,9
2021-04-11 19:18,9.1
2021-04-11 19:48,9.2
2021-04-11 20:18,9.3
2021-04-11 20:48,9.1
2021-04-11 21:18,9.1
2021-04-11 21:48,9.1
2021-04-11 22:18,9.2
2021-04-11 22:48,9.3
2021-04-11 23:18,9.4
2021-04-11 23:48,9.4
2021-04-12 0:18,9.8
2021-04-12 0:48,9.7
2021-04-12 1:18,9.6
2021-04-12 1:48,9.6
2021-04-12 2:18,9.5
2021-04-12 2:48,9.4
2021-04-12 3:18,9.1
2021-04-12 3:48,9.2
2021-04-12 4:18,9.2
2021-04-12 4:48,9.2
2021-04-12 5:18,9.1
2021-04-12 5:48,9.3
2021-04-12 6:18,9.1
2021-04-12 6:48,9.1
2021-04-12 7:18,9.3
2021-04-12 7:48,9.3
2021-04-12 8:18,9.2
2021-04-12 8:48,9.4
2021-04-12 9:18,9.3
2021-04-12 9:48,9.4
2021-04-12 10:18,9.4
2021-04-12 10:48,9.4
2021-04-12 11:18,9.3
2021-04-12 11:48,9.3
2021-04-12 12:18,9.2
2021-04-12 12:48,9.2
2021-04-12 13:18,9.3
2021-04-12 13:48,9.1
2021-04-12 14:18,9.1
2021-04-12 14:48,9.1
2021-04-12 15:18,9.1
2021-04-12 15:48,9.2
2021-04-12 16:18,9.1
2021-04-12 16:48,8.9
2021-04-12 17:18,8.9
2021-04-12 17:48,8.9
2021-04-12 18:18,8.9
2021-04-12 18:48,8.8
2021-04-12 19:18,8.9
2021-04-12 19:48,8.9
2021-04-12 20:18,9
2021-04-12 20:48,9.1
2021-04-12 21:18,9.2
2021-04-12 21:48,9.2
2021-04-12 22:18,9.3
2021-04-12 22:48,9.3
2021-04-12 23:18,9.4
2021-04-12 23:48,9.3
2021-04-13 0:18,9.5
2021-04-13 0:48,9.3
2021-04-13 1:18,9.2
2021-04-13 1:48,9.2
2021-04-13 2:18,9.2
2021-04-13 2:48,9.2
2021-04-13 3:18,9
2021-04-13 3:48,8.9
2021-04-13 4:18,8.9
2021-04-13 4:48,9
2021-04-13 5:18,8.8
2021-04-13 5:48,8.8
2021-04-13 6:18,8.9
2021-04-13 6:48,8.8
2021-04-13 7:18,8.8
2021-04-13 7:48,8.8
2021-04-13 8:18,9.2
2021-04-13 8:48,9
2021-04-13 9:18,9.3
2021-04-13 9:48,9.6
2021-04-13 10:18,9.6
2021-04-13 10:48,9.7
2021-04-13 11:18,9.5
2021-04-13 11:48,9.5
2021-04-13 12:18,9.6
2021-04-13 12:48,9.6
2021-04-13 13:18,9.4
2021-04-13 13:48,9.5
2021-04-13 14:18,9.3
2021-04-13 14:48,9.2
2021-04-13 15:18,9.1
2021-04-13 15:48,8.9
2021-04-13 16:18,8.9
2021-04-13 16:48,8.8
2021-04-13 17:18,8.8
2021-04-13 17:48,8.8
2021-04-13 18:18,8.6
2021-04-13 18:48,8.7
2021-04-13 19:18,8.7
2021-04-13 19:48,8.7
2021-04-13 20:18,8.7
2021-04-13 20:48,9.1
2021-04-13 21:18,9.1
2021-04-13 21:48,9.2
2021-04-13 22:18,9.1
2021-04-13 22:48,9.3
2021-04-13 23:18,9.2
2021-04-13 23:48,9.1
2021-04-14 0:18,9.1
2021-04-14 0:48,9.3
2021-04-14 1:18,9.2
2021-04-14 1:48,9.2
2021-04-14 2:18,9.1
2021-04-14 2:48,9
2021-04-14 3:18,9.1
2021-04-14 3:48,9
2021-04-14 4:18,9
2021-04-14 4:48,9
2021-04-14 5:18,8.9
2021-04-14 5:48,8.8
2021-04-14 6:18,8.7
2021-04-14 6:48,8.7
2021-04-14 7:18,8.8
2021-04-14 7:48,8.8
2021-04-14 8:18,8.8
2021-04-14 8:48,9
2021-04-14 9:18,9
2021-04-14 9:48,9.3
2021-04-14 10:18,9.2
2021-04-14 10:48,9.4
2021-04-14 11:18,9.3
2021-04-14 11:48,9.3
2021-04-14 12:18,9.5
2021-04-14 12:48,9.4
2021-04-14 13:18,9.3
2021-04-14 13:48,9.2
2021-04-14 14:18,9.2
2021-04-14 14:48,9.2
2021-04-14 15:18,9.1
2021-04-14 15:48,9
2021-04-14 16:18,8.8
2021-04-14 16:48,8.9
2021-04-14 17:18,8.8
2021-04-14 17:48,8.7
2021-04-14 18:18,8.7
2021-04-14 18:48,8.7
2021-04-14 19:18,8.8
2021-04-14 19:48,8.8
2021-04-14 20:18,8.8
2021-04-14 20:48,8.8
2021-04-14 21:18,8.8
2021-04-14 21:48,8.9
2021-04-14 22:18,9.1
2021-04-14 22:48,9
2021-04-14 23:18,9.1
2021-04-14 23:48,9.4
2021-04-15 0:18,9.2
2021-04-15 0:48,9.3
2021-04-15 1:18,9.5
2021-04-15 1:48,9.5
2021-04-15 2:18,9.2
2021-04-15 2:48,9.4
2021-04-15 3:18,9.3
2021-04-15 3:48,9.3
2021-04-15 4:18,9.2
2021-04-15 4:48,9.3
2021-04-15 5:18,9.1
2021-04-15 5:48,9.1
2021-04-15 6:18,9.1
2021-04-15 6:48,9.4
2021-04-15 7:18,9.5
2021-04-15 7:48,9.2
2021-04-15 8:18,9.2
2021-04-15 8:48,9.3
2021-04-15 9:18,9.5
2021-04-15 9:48,9.5
2021-04-15 10:18,9.5
2021-04-15 10:48,9.5
2021-04-15 11:18,9.6
2021-04-15 11:48,9.6
2021-04-15 12:18,9.6
2021-04-15 12:48,9.4
2021-04-15 13:18,9.4
2021-04-15 13:48,9.4
2021-04-15 14:18,9.4
2021-04-15 14:48,9.4
2021-04-15 15:18,9.5
2021-04-15 15:48,9.4
2021-04-15 16:18,9.4
2021-04-15 16:48,9.4
2021-04-15 17:18,9.5
2021-04-15 17:48,9.4
2021-04-15 18:18,9.5
2021-04-15 18:48,9.2
2021-04-15 19:18,9.2
2021-04-15 19:48,9.2
2021-04-15 20:18,8.9
2021-04-15 20:48,8.8
2021-04-15 21:18,9.1
2021-04-15 21:48,9.3
2021-04-15 22:18,9.3
2021-04-15 22:48,9.2
2021-04-15 23:18,9.3
2021-04-15 23:48,9.4
2021-04-16 0:18,9.4
2021-04-16 0:48,9.8
2021-04-16 1:18,9.9
2021-04-16 1:48,9.8
2021-04-16 2:18,9.8
2021-04-16 2:48,9.8
2021-04-16 3:18,9.5
2021-04-16 3:48,9.4
2021-04-16 4:18,9.4
2021-04-16 4:48,9.2
2021-04-16 5:18,9.3
2021-04-16 5:48,9.3
2021-04-16 6:18,9.1
2021-04-16 6:48,9.2
2021-04-16 7:18,9.3
2021-04-16 7:48,9.3
2021-04-16 8:18,9.4
2021-04-16 8:48,9.5
2021-04-16 9:18,9.5
2021-04-16 9:48,9.5
2021-04-16 10:18,9.5
2021-04-16 10:48,9.4
2021-04-16 11:18,9.4
2021-04-16 11:48,9.5
2021-04-16 12:18,9.5
2021-04-16 12:48,9.5
2021-04-16 13:18,9.4
2021-04-16 13:48,9.6
2021-04-16 14:18,9.6
2021-04-16 14:48,9.4
2021-04-16 15:18,9.5
2021-04-16 15:48,9.5
2021-04-16 16:18,9.4
2021-04-16 16:48,9.3
2021-04-16 17:18,9.2
2021-04-16 17:48,9.1
2021-04-16 18:18,9.3
2021-04-16 18:48,9.5
2021-04-16 19:18,9.5
2021-04-16 19:48,9.3
2021-04-16 20:18,9.5
2021-04-16 20:48,9.5
2021-04-16 21:18,9.2
2021-04-16 21:48,9.2
2021-04-16 22:18,9.3
2021-04-16 22:48,9.3
2021-04-16 23:18,9.4
2021-04-16 23:48,9.5
2021-04-17 0:18,9.4
2021-04-17 0:48,9.8
2021-04-17 1:18,10
2021-04-17 1:48,9.9
2021-04-17 2:18,9.8
2021-04-17 2:48,9.9
2021-04-17 3:18,9.8
2021-04-17 3:48,9.7
2021-04-17 4:18,9.5
2021-04-17 4:48,9.3
2021-04-17 5:18,9.1
2021-04-17 5:48,9
2021-04-17 6:18,9
2021-04-17 6:48,9.4
2021-04-17 7:18,9.4
2021-04-17 7:48,9.4
2021-04-17 8:18,9.5
2021-04-17 8:48,9.6
2021-04-17 9:18,9.5
2021-04-17 9:48,9.3
2021-04-17 10:18,9.3
2021-04-17 10:48,9.5
2021-04-17 11:18,9.5
2021-04-17 11:48,9.9
2021-04-17 12:18,10
2021-04-17 12:48,9.8
2021-04-17 13:18,9.8
2021-04-17 13:48,9.6
2021-04-17 14:18,9.8
2021-04-17 14:48,9.9
2021-04-17 15:18,9.6
2021-04-17 15:48,9.9
2021-04-17 16:18,9.7
2021-04-17 16:48,9.6
2021-04-17 17:18,9.6
2021-04-17 17:48,9.7
2021-04-17 18:18,9.2
2021-04-17 18:48,9.1
2021-04-17 19:18,9.6
2021-04-17 19:48,9.8
2021-04-17 20:18,9.2
2021-04-17 20:48,9.3
2021-04-17 21:18,9.4
2021-04-17 21:48,9.3
2021-04-17 22:18,9.4
2021-04-17 22:48,9.5
2021-04-17 23:18,9.6
2021-04-17 23:48,9.4
2021-04-18 0:18,9.6
2021-04-18 0:48,9.4
2021-04-18 1:18,9.7
2021-04-18 1:48,9.8
2021-04-18 2:18,9.9
2021-04-18 2:48,9.9
2021-04-18 3:18,9.8
2021-04-18 3:48,9.6
2021-04-18 4:18,10.2
2021-04-18 4:48,10.2
2021-04-18 5:18,9.8
2021-04-18 5:48,9.9
2021-04-18 6:18,10
2021-04-18 6:48,9.9
2021-04-18 7:18,9.8
2021-04-18 7:48,10.1
2021-04-18 8:18,10.1
2021-04-18 8:48,10
2021-04-18 9:18,10
2021-04-18 9:48,10.2
2021-04-18 10:18,9.8
2021-04-18 10:48,10.2
2021-04-18 11:18,10.6
2021-04-18 11:48,10
2021-04-18 12:18,9.8
2021-04-18 12:48,10.2
2021-04-18 13:18,10.1
2021-04-18 13:48,10
2021-04-18 14:18,10
2021-04-18 14:48,10.2
2021-04-18 15:18,10.2
2021-04-18 15:48,10.1
2021-04-18 16:18,10.1
2021-04-18 16:48,10
2021-04-18 17:18,10
2021-04-18 17:48,10
2021-04-18 18:18,9.8
2021-04-18 18:48,9.8
2021-04-18 19:18,9.9
2021-04-18 19:48,9.7
2021-04-18 20:18,9.6
2021-04-18 20:48,9.7
2021-04-18 21:18,9.6
2021-04-18 21:48,9.5
2021-04-18 22:18,9.7
2021-04-18 22:48,9.7
2021-04-18 23:18,11
2021-04-18 23:48,10.9
2021-04-19 0:18,10.2
2021-04-19 0:48,10.1
2021-04-19 1:18,10.2
2021-04-19 1:48,11.1
2021-04-19 2:18,11.5
2021-04-19 2:48,11.2
2021-04-19 3:18,11
2021-04-19 3:48,10.9
2021-04-19 4:18,11.2
2021-04-19 4:48,10.7
2021-04-19 5:18,11
2021-04-19 5:48,10.6
2021-04-19 6:18,10.9
2021-04-19 6:48,10.9
2021-04-19 7:18,10.9
2021-04-19 7:48,10.7
2021-04-19 8:18,10.6
2021-04-19 8:48,10.1
2021-04-19 9:18,10
2021-04-19 9:48,10
2021-04-19 10:18,9.9
2021-04-19 10:48,10
2021-04-19 11:18,10
2021-04-19 11:48,10.7
2021-04-19 12:18,10.8
2021-04-19 12:48,10.8
2021-04-19 13:18,10.8
2021-04-19 13:48,10.2
2021-04-19 14:18,10
2021-04-19 14:48,10.2
2021-04-19 15:18,10.6
2021-04-19 15:48,10.1
2021-04-19 16:18,10
2021-04-19 16:48,10.2
2021-04-19 17:18,10.1
2021-04-19 17:48,10.2
2021-04-19 18:18,10.3
2021-04-19 18:48,10.3
2021-04-19 19:18,10.1
2021-04-19 19:48,10.1
2021-04-19 20:18,10.1
2021-04-19 20:48,10.1
2021-04-19 21:18,10
2021-04-19 21:48,10.1
2021-04-19 22:18,10.4
2021-04-19 22:48,9.9
2021-04-19 23:18,10
2021-04-19 23:48,10.2
2021-04-20 0:18,10.3
2021-04-20 0:48,10.9
2021-04-20 1:18,10.1
2021-04-20 1:48,10.2
2021-04-20 2:18,10.5
2021-04-20 2:48,11.5
2021-04-20 3:18,12.4
2021-04-20 3:48,12.3
2021-04-20 4:18,12
2021-04-20 4:48,11.8
2021-04-20 5:18,11.5
2021-04-20 5:48,11.7
2021-04-20 6:18,11.4
2021-04-20 6:48,11.1
2021-04-20 7:18,11.2
2021-04-20 7:48,11
2021-04-20 8:18,11.1
2021-04-20 8:48,10.7
2021-04-20 9:18,10.6
2021-04-20 9:48,10.8
2021-04-20 10:18,10.8
2021-04-20 10:48,10.5
2021-04-20 11:18,10.5
2021-04-20 11:48,10.9
2021-04-20 12:18,10.9
2021-04-20 12:48,10.8
2021-04-20 13:18,10.8
2021-04-20 13:48,10.9
2021-04-20 14:18,10.7
2021-04-20 14:48,10.4
2021-04-20 15:18,10.4
2021-04-20 15:48,10.5
2021-04-20 16:18,10.5
2021-04-20 16:48,10.3
2021-04-20 17:18,10.3
2021-04-20 17:48,10.5
2021-04-20 18:18,10.6
2021-04-20 18:48,10.6
2021-04-20 19:18,10.6
2021-04-20 19:48,10.8
2021-04-20 20:18,10.7
2021-04-20 20:48,10.5
2021-04-20 21:18,10.7
2021-04-20 21:48,10.7
2021-04-20 22:18,10.6
2021-04-20 22:48,10.4
2021-04-20 23:18,10.2
2021-04-20 23:48,10.2
2021-04-21 0:18,10.2
2021-04-21 0:48,10.1
2021-04-21 1:18,10.4
2021-04-21 1:48,10.8
2021-04-21 2:18,10.7
2021-04-21 2:48,10.5
2021-04-21 3:18,10.4
2021-04-21 3:48,10.6
2021-04-21 4:18,10.9
2021-04-21 4:48,10.9
2021-04-21 5:18,11.2
2021-04-21 5:48,10.9
2021-04-21 6:18,11.3
2021-04-21 6:48,11.1
2021-04-21 7:18,11.1
2021-04-21 7:48,11.1
2021-04-21 8:18,11
2021-04-21 8:48,11
2021-04-21 9:18,11.1
2021-04-21 9:48,11.1
2021-04-21 10:18,10.6
2021-04-21 10:48,10.6
2021-04-21 11:18,10.8
2021-04-21 11:48,10.8
2021-04-21 12:18,10.5
2021-04-21 12:48,10.5
2021-04-21 13:18,10.4
2021-04-21 13:48,10.3
2021-04-21 14:18,10.2
2021-04-21 14:48,10.2
2021-04-21 15:18,10.3
2021-04-21 15:48,10.4
2021-04-21 16:18,10.5
2021-04-21 16:48,10.5
2021-04-21 17:18,10.5
2021-04-21 17:48,10.2
2021-04-21 18:18,10.7
2021-04-21 18:48,10.6
2021-04-21 19:18,10.4
2021-04-21 19:48,10.5
2021-04-21 20:18,10.4
2021-04-21 20:48,10.3
2021-04-21 21:18,10.3
2021-04-21 21:48,10.3
2021-04-21 22:18,10.6
2021-04-21 22:48,10.4
2021-04-21 23:18,10.8
2021-04-21 23:48,10.6
2021-04-22 0:18,10.2
2021-04-22 0:48,10.3
2021-04-22 1:18,10.1
2021-04-22 1:48,10.2
2021-04-22 2:18,10.3
2021-04-22 2:48,10.1
2021-04-22 3:18,10.4
2021-04-22 3:48,10.4
2021-04-22 4:18,10.6
2021-04-22 4:48,11
2021-04-22 5:18,10.9
2021-04-22 5:48,10.9
2021-04-22 6:18,10.8
2021-04-22 6:48,10.9
2021-04-22 7:18,11.4
2021-04-22 7:48,11.1
2021-04-22 8:18,11.1
2021-04-22 8:48,10.9
2021-04-22 9:18,10.9
2021-04-22 9:48,10.9
2021-04-22 10:18,11.1
2021-04-22 10:48,11.1
2021-04-22 11:18,11
2021-04-22 11:48,11.1
2021-04-22 12:18,11
2021-04-22 12:48,10.9
2021-04-22 13:18,10.6
2021-04-22 13:48,10.5
2021-04-22 14:18,10.6
2021-04-22 14:48,10.2
2021-04-22 15:18,10.3
2021-04-22 15:48,10.3
2021-04-22 16:18,10.1
2021-04-22 16:48,10.2
2021-04-22 17:18,10.8
2021-04-22 17:48,10.4
2021-04-22 18:18,10.8
2021-04-22 18:48,10.8
2021-04-22 19:18,10.7
2021-04-22 19:48,11.1
2021-04-22 20:18,10.6
2021-04-22 20:48,10.7
2021-04-22 21:18,10.6
2021-04-22 21:48,11.1
2021-04-22 22:18,10.9
2021-04-22 22:48,10.7
2021-04-22 23:18,10.9
2021-04-22 23:48,10.7
2021-04-23 0:18,10.9
2021-04-23 0:48,10.4
2021-04-23 1:18,10.3
2021-04-23 1:48,10.5
2021-04-23 2:18,10.7
2021-04-23 2:48,10.7
2021-04-23 3:18,11.7
2021-04-23 3:48,12.5
2021-04-23 4:18,11.3
2021-04-23 4:48,10.6
2021-04-23 5:18,10.6
2021-04-23 5:48,10.9
2021-04-23 6:18,12.4
2021-04-23 6:48,12.4
2021-04-23 7:18,12
2021-04-23 7:48,11.4
2021-04-23 8:18,11.3
2021-04-23 8:48,12
2021-04-23 9:18,11.8
2021-04-23 9:48,11.7
2021-04-23 10:18,11.5
2021-04-23 10:48,11.5
2021-04-23 11:18,11.1
2021-04-23 11:48,11
2021-04-23 12:18,11.2
2021-04-23 12:48,11.4
2021-04-23 13:18,11.4
2021-04-23 13:48,11.6
2021-04-23 14:18,11.6
2021-04-23 14:48,11.7
2021-04-23 15:18,10.3
2021-04-23 15:48,10.6
2021-04-23 16:18,10.8
2021-04-23 16:48,11.1
2021-04-23 17:18,11.2
2021-04-23 17:48,11
2021-04-23 18:18,11
2021-04-23 18:48,11.3
2021-04-23 19:18,11.2
2021-04-23 19:48,10.9
2021-04-23 20:18,11
2021-04-23 20:48,11.3
2021-04-23 21:18,11.4
2021-04-23 21:48,11.2
2021-04-23 22:18,11.1
2021-04-23 22:48,11.2
2021-04-23 23:18,10.9
2021-04-23 23:48,10.6
2021-04-24 0:18,10.3
2021-04-24 0:48,10.9
2021-04-24 1:18,11.1
2021-04-24 1:48,10.5
2021-04-24 2:18,10.3
2021-04-24 2:48,10.2
2021-04-24 3:18,10.2
2021-04-24 3:48,11
2021-04-24 4:18,11
2021-04-24 4:48,10.7
2021-04-24 5:18,10.5
2021-04-24 5:48,10.3
2021-04-24 6:18,10.5
2021-04-24 6:48,10.8
2021-04-24 7:18,10.8
2021-04-24 7:48,10.9
2021-04-24 8:18,11.2
2021-04-24 8:48,11.1
2021-04-24 9:18,11.5
2021-04-24 9:48,11.2
2021-04-24 10:18,11
2021-04-24 10:48,11.1
2021-04-24 11:18,11
2021-04-24 11:48,11
2021-04-24 12:18,10.9
2021-04-24 12:48,10.8
2021-04-24 13:18,10.7
2021-04-24 13:48,11.3
2021-04-24 14:18,11.1
2021-04-24 14:48,11
2021-04-24 15:18,10.6
2021-04-24 15:48,10.3
2021-04-24 16:18,10.4
2021-04-24 16:48,10.5
2021-04-24 17:18,10.5
2021-04-24 17:48,10.6
2021-04-24 18:18,10.8
2021-04-24 18:48,10.8
2021-04-24 19:18,10.6
2021-04-24 19:48,10.5
2021-04-24 20:18,11
2021-04-24 20:48,10.9
2021-04-24 21:18,11.1
2021-04-24 21:48,11.4
2021-04-24 22:18,11.5
2021-04-24 22:48,11.4
2021-04-24 23:18,11.2
2021-04-24 23:48,10.9
2021-04-25 0:18,10.9
2021-04-25 0:48,10.5
2021-04-25 1:18,10.5
2021-04-25 1:48,10.5
2021-04-25 2:18,10.8
2021-04-25 2:48,10.8
2021-04-25 3:18,10.9
2021-04-25 3:48,10.2
2021-04-25 4:18,10.6
2021-04-25 4:48,11.1
2021-04-25 5:18,11.2
2021-04-25 5:48,10.6
2021-04-25 6:18,10.6
2021-04-25 6:48,10.4
2021-04-25 7:18,10.8
2021-04-25 7:48,11
2021-04-25 8:18,10.8
2021-04-25 8:48,10.7
2021-04-25 9:18,11.5
2021-04-25 9:48,11.3
2021-04-25 10:18,11.1
2021-04-25 10:48,11.3
2021-04-25 11:18,10.9
2021-04-25 11:48,11
2021-04-25 12:18,11.1
2021-04-25 12:48,11
2021-04-25 13:18,11
2021-04-25 13:48,10.8
2021-04-25 14:18,10.8
2021-04-25 14:48,10.7
2021-04-25 15:18,10.6
2021-04-25 15:48,10.9
2021-04-25 16:18,11.1
2021-04-25 16:48,10.7
2021-04-25 17:18,10.5
2021-04-25 17:48,10.7
2021-04-25 18:18,10.5
2021-04-25 18:48,10.5
2021-04-25 19:18,10.6
2021-04-25 19:48,10.5
2021-04-25 20:18,10.7
2021-04-25 20:48,10.7
2021-04-25 21:18,10.8
2021-04-25 21:48,10.7
2021-04-25 22:18,10.7
2021-04-25 22:48,10.9
2021-04-25 23:18,11
2021-04-25 23:48,11.1
2021-04-26 0:18,10.9
2021-04-26 0:48,10.7
2021-04-26 1:18,10.7
2021-04-26 1:48,10.7
2021-04-26 2:18,10.6
2021-04-26 2:48,10.5
2021-04-26 3:18,10.2
2021-04-26 3:48,10.1
2021-04-26 4:18,9.9
2021-04-26 4:48,9.9
2021-04-26 5:18,9.9
2021-04-26 5:48,9.8
2021-04-26 6:18,9.9
2021-04-26 6:48,10.1
2021-04-26 7:18,10.1
2021-04-26 7:48,10
2021-04-26 8:18,10.2
2021-04-26 8:48,10.2
2021-04-26 9:18,10.5
2021-04-26 9:48,10.5
2021-04-26 10:18,10.7
2021-04-26 10:48,10.6
2021-04-26 11:18,10.8
2021-04-26 11:48,10.8
2021-04-26 12:18,10.7
2021-04-26 12:48,10.6
2021-04-26 13:18,10.7
2021-04-26 13:48,10.4
2021-04-26 14:18,10.2
2021-04-26 14:48,10.2
2021-04-26 15:18,10.2
2021-04-26 15:48,10.2
2021-04-26 16:18,10.1
2021-04-26 16:48,9.7
2021-04-26 17:18,9.8
2021-04-26 17:48,9.8
2021-04-26 18:18,9.7
2021-04-26 18:48,10.1
2021-04-26 19:18,10.1
2021-04-26 19:48,10
2021-04-26 20:18,10
2021-04-26 20:48,10
2021-04-26 21:18,9.9
2021-04-26 21:48,10.6
2021-04-26 22:18,10.3
2021-04-26 22:48,10.4
2021-04-26 23:18,10.9
2021-04-26 23:48,10.9
2021-04-27 0:18,11.1
2021-04-27 0:48,11
2021-04-27 1:18,10.4
2021-04-27 1:48,10.2
2021-04-27 2:18,10.2
2021-04-27 2:48,10.3
2021-04-27 3:18,10.3
2021-04-27 3:48,10.2
2021-04-27 4:18,10.1
2021-04-27 4:48,9.7
2021-04-27 5:18,9.7
2021-04-27 5:48,10.7
2021-04-27 6:18,10.3
2021-04-27 6:48,9.9
2021-04-27 7:18,9.8
2021-04-27 7:48,9.8
2021-04-27 8:18,10.1
2021-04-27 8:48,10.1
2021-04-27 9:18,10.4
2021-04-27 9:48,10.5
2021-04-27 10:18,10.4
2021-04-27 10:48,11.1
2021-04-27 11:18,10.8
2021-04-27 11:48,11
2021-04-27 12:18,11.1
2021-04-27 12:48,10.9
2021-04-27 13:18,10.8
2021-04-27 13:48,10.8
2021-04-27 14:18,10.5
2021-04-27 14:48,10.2
2021-04-27 15:18,10
2021-04-27 15:48,10.7
2021-04-27 16:18,10.4
2021-04-27 16:48,9.8
2021-04-27 17:18,9.6
2021-04-27 17:48,9.9
2021-04-27 18:18,10.4
2021-04-27 18:48,10.3
2021-04-27 19:18,9.8
2021-04-27 19:48,10.2
2021-04-27 20:18,9.8
2021-04-27 20:48,9.8
2021-04-27 21:18,10.2
2021-04-27 21:48,10.3
2021-04-27 22:18,10.2
2021-04-27 22:48,10.2
2021-04-27 23:18,10.3
2021-04-27 23:48,10.5
2021-04-28 0:18,10.6
2021-04-28 0:48,10.8
2021-04-28 1:18,10.7
2021-04-28 1:48,10.7
2021-04-28 2:18,10.3
2021-04-28 2:48,10.3
2021-04-28 3:18,10.3
2021-04-28 3:48,10.4
2021-04-28 4:18,10.1
2021-04-28 4:48,10.2
2021-04-28 5:18,10
2021-04-28 5:48,10.1
2021-04-28 6:18,10.1
2021-04-28 6:48,10.3
2021-04-28 7:18,10.7
2021-04-28 7:48,10.2
2021-04-28 8:18,10.1
2021-04-28 8:48,10.2
2021-04-28 9:18,10.3
2021-04-28 9:48,10.2
2021-04-28 10:18,10.2
2021-04-28 10:48,10.3
2021-04-28 11:18,10.3
2021-04-28 11:48,10.5
2021-04-28 12:18,10.6
2021-04-28 12:48,10.6
2021-04-28 13:18,10.6
2021-04-28 13:48,10.5
2021-04-28 14:18,10.5
2021-04-28 14:48,10.5
2021-04-28 15:18,10.6
2021-04-28 15:48,10.6
2021-04-28 16:18,10.3
2021-04-28 16:48,10.4
2021-04-28 17:18,10.4
2021-04-28 17:48,10.5
2021-04-28 18:18,10.2
2021-04-28 18:48,10.1
2021-04-28 19:18,10.4
2021-04-28 19:48,10.5
2021-04-28 20:18,10.4
2021-04-28 20:48,10.3
2021-04-28 21:18,10.2
2021-04-28 21:48,10.2
2021-04-28 22:18,10.7
2021-04-28 22:48,10.5
2021-04-28 23:18,10.8
2021-04-28 23:48,10.8
2021-04-29 0:18,10.7
2021-04-29 0:48,10.8
2021-04-29 1:18,10.7
2021-04-29 1:48,10.6
2021-04-29 2:18,10.9
2021-04-29 2:48,10.7
2021-04-29 3:18,10.8
2021-04-29 3:48,10.6
2021-04-29 4:18,10.6
2021-04-29 4:48,10.5
2021-04-29 5:18,10.4
2021-04-29 5:48,10.2
2021-04-29 6:18,9.9
2021-04-29 6:48,10.3
2021-04-29 7:18,10.2
2021-04-29 7:48,10.1
2021-04-29 8:18,10
2021-04-29 8:48,10.1
2021-04-29 9:18,10.1
2021-04-29 9:48,10.1
2021-04-29 10:18,10.1
2021-04-29 10:48,10.1
2021-04-29 11:18,10.1
2021-04-29 11:48,10.3
2021-04-29 12:18,10.4
2021-04-29 12:48,10.6
2021-04-29 13:18,10.8
2021-04-29 13:48,10.7
2021-04-29 14:18,10.6
2021-04-29 14:48,10.6
2021-04-29 15:18,10.5
2021-04-29 15:48,10.3
2021-04-29 16:18,10.6
2021-04-29 16:48,10.4
2021-04-29 17:18,10.3
2021-04-29 17:48,10.6
2021-04-29 18:18,10.4
2021-04-29 18:48,9.9
2021-04-29 19:18,9.7
2021-04-29 19:48,10.2
2021-04-29 20:18,10.7
2021-04-29 20:48,10.3
2021-04-29 21:18,10.3
2021-04-29 21:48,10.4
2021-04-29 22:18,10.3
2021-04-29 22:48,10.7
2021-04-29 23:18,10.7
2021-04-29 23:48,10.8
2021-04-30 0:18,10.8
2021-04-30 0:48,10.8
2021-04-30 1:18,10.8
2021-04-30 1:48,11.2
2021-04-30 2:18,11.3
2021-04-30 2:48,11.3
2021-04-30 3:18,11.1
2021-04-30 3:48,11
2021-04-30 4:18,10.9
2021-04-30 4:48,10.9
2021-04-30 5:18,10.6
2021-04-30 5:48,10.7
2021-04-30 6:18,10.6
2021-04-30 6:48,10.3
2021-04-30 7:18,10
2021-04-30 7:48,10.1
2021-04-30 8:18,10.3
2021-04-30 8:48,10.4
2021-04-30 9:18,10.3
2021-04-30 9:48,10.5
2021-04-30 10:18,10.1
2021-04-30 10:48,10
2021-04-30 11:18,10
2021-04-30 11:48,10.2
2021-04-30 12:18,10.3
2021-04-30 12:48,10.3
2021-04-30 13:18,10.4
2021-04-30 13:48,10.7
2021-04-30 14:18,10.8
2021-04-30 14:48,10.5
2021-04-30 15:18,10.8
2021-04-30 15:48,10.6
2021-04-30 16:18,10.6
2021-04-30 16:48,10.5
2021-04-30 17:18,10.4
2021-04-30 17:48,10.4
2021-04-30 18:18,10.2
2021-04-30 18:48,10.3
2021-04-30 19:18,10.3
2021-04-30 19:48,10.5
2021-04-30 20:18,11.4
2021-04-30 20:48,11.3
2021-04-30 21:18,11.3
2021-04-30 21:48,10.4
2021-04-30 22:18,10.1
2021-04-30 22:48,10.7
2021-04-30 23:18,11.3
2021-04-30 23:48,11
2021-05-01 0:18,11
2021-05-01 0:48,11.1
2021-05-01 1:18,11
2021-05-01 1:48,11
2021-05-01 2:18,10.8
2021-05-01 2:48,10.9
2021-05-01 3:18,10.8
2021-05-01 3:48,10.6
2021-05-01 4:18,10.7
2021-05-01 4:48,10.6
2021-05-01 5:18,10.4
2021-05-01 5:48,10
2021-05-01 6:18,10
2021-05-01 6:48,10
2021-05-01 7:18,10.4
2021-05-01 7:48,10.3
2021-05-01 8:18,10.2
2021-05-01 8:48,10.2
2021-05-01 9:18,10
2021-05-01 9:48,10
2021-05-01 10:18,10
2021-05-01 10:48,10.4
2021-05-01 11:18,10.3
2021-05-01 11:48,10.1
2021-05-01 12:18,10.2
2021-05-01 12:48,10.3
2021-05-01 13:18,10.6
2021-05-01 13:48,10.6
2021-05-01 14:18,10.9
2021-05-01 14:48,10.8
2021-05-01 15:18,10.7
2021-05-01 15:48,10.7
2021-05-01 16:18,10.7
2021-05-01 16:48,10.7
2021-05-01 17:18,10.8
2021-05-01 17:48,10.9
2021-05-01 18:18,10.8
2021-05-01 18:48,10.7
2021-05-01 19:18,10.4
2021-05-01 19:48,10.2
2021-05-01 20:18,10.5
2021-05-01 20:48,10.6
2021-05-01 21:18,11.2
2021-05-01 21:48,11.9
2021-05-01 22:18,12
2021-05-01 22:48,12.1
2021-05-01 23:18,11.6
2021-05-01 23:48,12.2
2021-05-02 0:18,11.7
2021-05-02 0:48,11.8
2021-05-02 1:18,11.8
2021-05-02 1:48,11.9
2021-05-02 2:18,11.9
2021-05-02 2:48,12
2021-05-02 3:18,11.8
2021-05-02 3:48,11.8
2021-05-02 4:18,11.8
2021-05-02 4:48,11.4
2021-05-02 5:18,11.3
2021-05-02 5:48,11.4
2021-05-02 6:18,11.8
2021-05-02 6:48,11.5
2021-05-02 7:18,11.5
2021-05-02 7:48,11.5
2021-05-02 8:18,11.7
2021-05-02 8:48,11.4
2021-05-02 9:18,11.4
2021-05-02 9:48,11.4
2021-05-02 10:18,11.6
2021-05-02 10:48,11.5
2021-05-02 11:18,11.6
2021-05-02 11:48,11.6
2021-05-02 12:18,11.5
2021-05-02 12:48,11.5
2021-05-02 13:18,11.3
2021-05-02 13:48,11.3
2021-05-02 14:18,11.3
2021-05-02 14:48,11.3
2021-05-02 15:18,11.3
2021-05-02 15:48,11.1
2021-05-02 16:18,11.3
2021-05-02 16:48,11.4
2021-05-02 17:18,11.2
2021-05-02 17:48,11.4
2021-05-02 18:18,11.3
2021-05-02 18:48,11.2
2021-05-02 19:18,11.1
2021-05-02 19:48,11.1
2021-05-02 20:18,11.3
2021-05-02 20:48,11
2021-05-02 21:18,10.9
2021-05-02 21:48,10.4
2021-05-02 22:18,10.3
2021-05-02 22:48,10.9
2021-05-02 23:18,11.3
2021-05-02 23:48,11.7
2021-05-03 0:18,11.9
2021-05-03 0:48,12
2021-05-03 1:18,11.2
2021-05-03 1:48,11.4
2021-05-03 2:18,11.3
2021-05-03 2:48,11.5
2021-05-03 3:18,11.4
2021-05-03 3:48,11.5
2021-05-03 4:18,11.5
2021-05-03 4:48,11.6
2021-05-03 5:18,11.4
2021-05-03 5:48,11.3
2021-05-03 6:18,11.1
2021-05-03 6:48,11
2021-05-03 7:18,10.8
2021-05-03 7:48,11.1
2021-05-03 8:18,11.2
2021-05-03 8:48,11.3
2021-05-03 9:18,11
2021-05-03 9:48,10.6
2021-05-03 10:18,10.8
2021-05-03 10:48,10.6
2021-05-03 11:18,10.6
2021-05-03 11:48,10.9
2021-05-03 12:18,11.1
2021-05-03 12:48,11.3
2021-05-03 13:18,10.8
2021-05-03 13:48,11.1
2021-05-03 14:18,11.1
2021-05-03 14:48,11.1
2021-05-03 15:18,10.9
2021-05-03 15:48,10.8
2021-05-03 16:18,11.1
2021-05-03 16:48,11.1
2021-05-03 17:18,10.8
2021-05-03 17:48,10.9
2021-05-03 18:18,10.9
2021-05-03 18:48,10.9
2021-05-03 19:18,10.8
2021-05-03 19:48,10.5
2021-05-03 20:18,10.5
2021-05-03 20:48,10.5
2021-05-03 21:18,10.5
2021-05-03 21:48,9.9
2021-05-03 22:18,9.9
2021-05-03 22:48,9.9
2021-05-03 23:18,9.6
2021-05-03 23:48,9.8
2021-05-04 0:18,9.9
2021-05-04 0:48,10
2021-05-04 1:18,10.3
2021-05-04 1:48,10.6
2021-05-04 2:18,10.8
2021-05-04 2:48,10.7
2021-05-04 3:18,9.6
2021-05-04 3:48,9.8
2021-05-04 4:18,10.6
2021-05-04 4:48,10.6
2021-05-04 5:18,10.6
2021-05-04 5:48,10.6
2021-05-04 6:18,10.8
2021-05-04 6:48,10.7
2021-05-04 7:18,10.8
2021-05-04 7:48,11
2021-05-04 8:18,10.7
2021-05-04 8:48,10.6
2021-05-04 9:18,10.4
2021-05-04 9:48,10.4
2021-05-04 10:18,10.3
2021-05-04 10:48,10.2
2021-05-04 11:18,10.2
2021-05-04 11:48,10.4
2021-05-04 12:18,10.4
2021-05-04 12:48,10.6
2021-05-04 13:18,10.4
2021-05-04 13:48,10.8
2021-05-04 14:18,11.5
2021-05-04 14:48,11.3
2021-05-04 15:18,11.6
2021-05-04 15:48,11.3
2021-05-04 16:18,10.9
2021-05-04 16:48,10.7
2021-05-04 17:18,11.2
2021-05-04 17:48,10.8
2021-05-04 18:18,10.7
2021-05-04 18:48,10.4
2021-05-04 19:18,10.4
2021-05-04 19:48,10.3
2021-05-04 20:18,10.3
2021-05-04 20:48,10.5
2021-05-04 21:18,10.5
2021-05-04 21:48,10.4
2021-05-04 22:18,10.3
2021-05-04 22:48,10.3
2021-05-04 23:18,10.7
2021-05-04 23:48,10.5
2021-05-05 0:18,10.3
2021-05-05 0:48,10.2
2021-05-05 1:18,11.5
2021-05-05 1:48,10.6
2021-05-05 2:18,11.3
2021-05-05 2:48,11.3
2021-05-05 3:18,11.6
2021-05-05 3:48,12
2021-05-05 4:18,12.1
2021-05-05 4:48,11.7
2021-05-05 5:18,11.1
2021-05-05 5:48,11.1
2021-05-05 6:18,11.4
2021-05-05 6:48,11.4
2021-05-05 7:18,11.1
2021-05-05 7:48,10.9
2021-05-05 8:18,10.5
2021-05-05 8:48,10.4
2021-05-05 9:18,10.3
2021-05-05 9:48,10.4
2021-05-05 10:18,10.1
2021-05-05 10:48,10.4
2021-05-05 11:18,9.7
2021-05-05 11:48,9.6
2021-05-05 12:18,9.5
2021-05-05 12:48,9.8
2021-05-05 13:18,9.9
2021-05-05 13:48,10.2
2021-05-05 14:18,10
2021-05-05 14:48,10.3
2021-05-05 15:18,10.7
2021-05-05 15:48,10.8
2021-05-05 16:18,10.6
2021-05-05 16:48,10.6
2021-05-05 17:18,11.1
2021-05-05 17:48,11.1
2021-05-05 18:18,11
2021-05-05 18:48,11.1
2021-05-05 19:18,10.7
2021-05-05 19:48,10.1
2021-05-05 20:18,10.1
2021-05-05 20:48,10
2021-05-05 21:18,10.3
2021-05-05 21:48,10.1
2021-05-05 22:18,9.8
2021-05-05 22:48,10
2021-05-05 23:18,10
2021-05-05 23:48,10
2021-05-06 0:18,9.5
2021-05-06 0:48,9.7
2021-05-06 1:18,9.9
2021-05-06 1:48,9.7
2021-05-06 2:18,9.4
2021-05-06 2:48,9.3
2021-05-06 3:18,9.8
2021-05-06 3:48,9.7
2021-05-06 4:18,9.8
2021-05-06 4:48,9.9
2021-05-06 5:18,9.8
2021-05-06 5:48,10.5
2021-05-06 6:18,10.4
2021-05-06 6:48,10.8
2021-05-06 7:18,10.7
2021-05-06 7:48,10.2
2021-05-06 8:18,10.5
2021-05-06 8:48,10.1
2021-05-06 9:18,10.3
2021-05-06 9:48,10.4
2021-05-06 10:18,10.1
2021-05-06 10:48,10.1
2021-05-06 11:18,10
2021-05-06 11:48,10
2021-05-06 12:18,10.1
2021-05-06 12:48,9.9
2021-05-06 13:18,10.2
2021-05-06 13:48,9.9
2021-05-06 14:18,9.9
2021-05-06 14:48,9.7
2021-05-06 15:18,9.8
2021-05-06 15:48,10.1
2021-05-06 16:18,10.1
2021-05-06 16:48,10.2
2021-05-06 17:18,10.2
2021-05-06 17:48,10.2
2021-05-06 18:18,10.1
2021-05-06 18:48,10.2
2021-05-06 19:18,10.2
2021-05-06 19:48,10.1
2021-05-06 20:18,9.9
2021-05-06 20:48,9.9
2021-05-06 21:18,9.8
2021-05-06 21:48,10.2
2021-05-06 22:18,9.8
2021-05-06 22:48,9.6
2021-05-06 23:18,9.7
2021-05-06 23:48,9.5
2021-05-07 0:18,9.4
2021-05-07 0:48,9.4
2021-05-07 1:18,9.9
2021-05-07 1:48,9.8
2021-05-07 2:18,10.1
2021-05-07 2:48,10.4
2021-05-07 3:18,10
2021-05-07 3:48,10
2021-05-07 4:18,10.1
2021-05-07 4:48,10.1
2021-05-07 5:18,10
2021-05-07 5:48,10.1
2021-05-07 6:18,10.1
2021-05-07 6:48,10.2
2021-05-07 7:18,10.2
2021-05-07 7:48,10.1
2021-05-07 8:18,10.1
2021-05-07 8:48,10.2
2021-05-07 9:18,10.2
2021-05-07 9:48,10.1
2021-05-07 10:18,10.1
2021-05-07 10:48,10.1
2021-05-07 11:18,10.1
2021-05-07 11:48,10.2
2021-05-07 12:18,10.2
2021-05-07 12:48,10.2
2021-05-07 13:18,10.2
2021-05-07 13:48,10.1
2021-05-07 14:18,10.1
2021-05-07 14:48,9.9
2021-05-07 15:18,9.8
2021-05-07 15:48,9.7
2021-05-07 16:18,9.8
2021-05-07 16:48,9.5
2021-05-07 17:18,9.6
2021-05-07 17:48,9.9
2021-05-07 18:18,10
2021-05-07 18:48,10
2021-05-07 19:18,9.9
2021-05-07 19:48,9.8
2021-05-07 20:18,10
2021-05-07 20:48,9.9
2021-05-07 21:18,10.2
2021-05-07 21:48,10.2
2021-05-07 22:18,10.3
2021-05-07 22:48,10.5
2021-05-07 23:18,10.7
2021-05-07 23:48,10.5
2021-05-08 0:18,10.6
2021-05-08 0:48,10.9
2021-05-08 1:18,10.2
2021-05-08 1:48,10.3
2021-05-08 2:18,10.2
2021-05-08 2:48,10.2
2021-05-08 3:18,10.3
2021-05-08 3:48,11.5
2021-05-08 4:18,11.3
2021-05-08 4:48,11.5
2021-05-08 5:18,11.4
2021-05-08 5:48,10.8
2021-05-08 6:18,11
2021-05-08 6:48,11.1
2021-05-08 7:18,11.4
2021-05-08 7:48,11.3
2021-05-08 8:18,11.3
2021-05-08 8:48,11.3
2021-05-08 9:18,11
2021-05-08 9:48,10.8
2021-05-08 10:18,10.9
2021-05-08 10:48,10.9
2021-05-08 11:18,10.9
2021-05-08 11:48,11.1
2021-05-08 12:18,11.2
2021-05-08 12:48,11.1
2021-05-08 13:18,11
2021-05-08 13:48,10.9
2021-05-08 14:18,10.9
2021-05-08 14:48,10.9
2021-05-08 15:18,10.4
2021-05-08 15:48,10.5
2021-05-08 16:18,10.7
2021-05-08 16:48,10.8
2021-05-08 17:18,10.9
2021-05-08 17:48,10.7
2021-05-08 18:18,10.5
2021-05-08 18:48,10.6
2021-05-08 19:18,10.4
2021-05-08 19:48,10.7
2021-05-08 20:18,10.5
2021-05-08 20:48,10.5
2021-05-08 21:18,10.5
2021-05-08 21:48,10.6
2021-05-08 22:18,10.7
2021-05-08 22:48,10.7
2021-05-08 23:18,10.9
2021-05-08 23:48,10.6
2021-05-09 0:18,10.7
2021-05-09 0:48,10.8
2021-05-09 1:18,10.7
2021-05-09 1:48,10.6
2021-05-09 2:18,10.6
2021-05-09 2:48,10.3
2021-05-09 3:18,10.3
2021-05-09 3:48,9.9
2021-05-09 4:18,9.9
2021-05-09 4:48,10.2
2021-05-09 5:18,10.3
2021-05-09 5:48,10.5
2021-05-09 6:18,10.6
2021-05-09 6:48,10.4
2021-05-09 7:18,10.4
2021-05-09 7:48,10.4
2021-05-09 8:18,10.6
2021-05-09 8:48,10.5
2021-05-09 9:18,10.3
2021-05-09 9:48,10.3
2021-05-09 10:18,10.4
2021-05-09 10:48,10.9
2021-05-09 11:18,10.7
2021-05-09 11:48,10.3
2021-05-09 12:18,10.2
2021-05-09 12:48,10.5
2021-05-09 13:18,10.2
2021-05-09 13:48,10.2
2021-05-09 14:18,10.3
2021-05-09 14:48,10.2
2021-05-09 15:18,9.6
2021-05-09 15:48,9.7
2021-05-09 16:18,9.4
2021-05-09 16:48,9.7
2021-05-09 17:18,9.9
2021-05-09 17:48,10.2
2021-05-09 18:18,10.3
2021-05-09 18:48,10.2
2021-05-09 19:18,10.1
2021-05-09 19:48,10.2
2021-05-09 20:18,10.7
2021-05-09 20:48,10.6
2021-05-09 21:18,10.2
2021-05-09 21:48,10.6
2021-05-09 22:18,11
2021-05-09 22:48,11.1
2021-05-09 23:18,11
2021-05-09 23:48,10.7
2021-05-10 0:18,10.6
2021-05-10 0:48,10.4
2021-05-10 1:18,10.6
2021-05-10 1:48,10.5
2021-05-10 2:18,10.5
2021-05-10 2:48,10.5
2021-05-10 3:18,10.4
2021-05-10 3:48,10.1
2021-05-10 4:18,10.2
2021-05-10 4:48,10.5
2021-05-10 5:18,10.7
2021-05-10 5:48,10.6
2021-05-10 6:18,10.5
2021-05-10 6:48,10.6
2021-05-10 7:18,10.8
2021-05-10 7:48,11.4
2021-05-10 8:18,11.4
2021-05-10 8:48,11.1
2021-05-10 9:18,11.2
2021-05-10 9:48,11
2021-05-10 10:18,10.5
2021-05-10 10:48,10.6
2021-05-10 11:18,10.8
2021-05-10 11:48,10.9
2021-05-10 12:18,11.2
2021-05-10 12:48,10.3
2021-05-10 13:18,10.8
2021-05-10 13:48,10.7
2021-05-10 14:18,10.6
2021-05-10 14:48,9.9
2021-05-10 15:18,9.5
2021-05-10 15:48,9.6
2021-05-10 16:18,9.6
2021-05-10 16:48,9.5
2021-05-10 17:18,10.1
2021-05-10 17:48,9.8
2021-05-10 18:18,9.7
2021-05-10 18:48,10
2021-05-10 19:18,9.6
2021-05-10 19:48,9.8
2021-05-10 20:18,10.4
2021-05-10 20:48,10.7
2021-05-10 21:18,10.5
2021-05-10 21:48,10.5
2021-05-10 22:18,10.8
2021-05-10 22:48,10.2
2021-05-10 23:18,10.9
2021-05-10 23:48,11.3
2021-05-11 0:18,10.7
2021-05-11 0:48,10.5
2021-05-11 1:18,10.4
2021-05-11 1:48,9.7
2021-05-11 2:18,9.5
2021-05-11 2:48,10.2
2021-05-11 3:18,10.3
2021-05-11 3:48,9.8
2021-05-11 4:18,10.2
2021-05-11 4:48,10.2
2021-05-11 5:18,10.5
2021-05-11 5:48,10.5
2021-05-11 6:18,10.6
2021-05-11 6:48,10.2
2021-05-11 7:18,10.4
2021-05-11 7:48,11
2021-05-11 8:18,11.4
2021-05-11 8:48,11.3
2021-05-11 9:18,10.9
2021-05-11 9:48,10.7
2021-05-11 10:18,10.5
2021-05-11 10:48,10.3
2021-05-11 11:18,11.4
2021-05-11 11:48,11.2
2021-05-11 12:18,10.8
2021-05-11 12:48,10.6
2021-05-11 13:18,10.2
2021-05-11 13:48,10.5
2021-05-11 14:18,10.4
2021-05-11 14:48,10.4
2021-05-11 15:18,10.1
2021-05-11 15:48,9.6
2021-05-11 16:18,10
2021-05-11 16:48,9.8
2021-05-11 17:18,9.5
2021-05-11 17:48,9.5
2021-05-11 18:18,9.9
2021-05-11 18:48,9.5
2021-05-11 19:18,9.6
2021-05-11 19:48,9.6
2021-05-11 20:18,9.4
2021-05-11 20:48,10.1
2021-05-11 21:18,10
2021-05-11 21:48,10.2
2021-05-11 22:18,10.1
2021-05-11 22:48,10
2021-05-11 23:18,10.6
2021-05-11 23:48,10.4
2021-05-12 0:18,10.3
2021-05-12 0:48,10.3
2021-05-12 1:18,9.9
2021-05-12 1:48,9.9
2021-05-12 2:18,9.4
2021-05-12 2:48,9.4
2021-05-12 3:18,9.5
2021-05-12 3:48,10.1
2021-05-12 4:18,9.7
2021-05-12 4:48,9.5
2021-05-12 5:18,9.5
2021-05-12 5:48,10.6
2021-05-12 6:18,11
2021-05-12 6:48,10.9
2021-05-12 7:18,10.5
2021-05-12 7:48,10.2
2021-05-12 8:18,10.7
2021-05-12 8:48,11.6
2021-05-12 9:18,10.7
2021-05-12 9:48,11.1
2021-05-12 10:18,10.9
2021-05-12 10:48,10.9
2021-05-12 11:18,10.9
2021-05-12 11:48,10.9
2021-05-12 12:18,11.1
2021-05-12 12:48,10.7
2021-05-12 13:18,10.8
2021-05-12 13:48,10.4
2021-05-12 14:18,10.4
2021-05-12 14:48,10.2
2021-05-12 15:18,10.2
2021-05-12 15:48,10.2
2021-05-12 16:18,10.2
2021-05-12 16:48,10
2021-05-12 17:18,10
2021-05-12 17:48,9.7
2021-05-12 18:18,9.6
2021-05-12 18:48,9.9
2021-05-12 19:18,10
2021-05-12 19:48,10.3
2021-05-12 20:18,10
2021-05-12 20:48,10.3
2021-05-12 21:18,10.4
2021-05-12 21:48,10.4
2021-05-12 22:18,10.6
2021-05-12 22:48,10.9
2021-05-12 23:18,10.9
2021-05-12 23:48,10.7
2021-05-13 0:18,10.7
2021-05-13 0:48,10.5
2021-05-13 1:18,11.1
2021-05-13 1:48,10.7
2021-05-13 2:18,10.3
2021-05-13 2:48,10.2
2021-05-13 3:18,10.6
2021-05-13 3:48,10.5
2021-05-13 4:18,10.4
2021-05-13 4:48,10.4
2021-05-13 5:18,10.3
2021-05-13 5:48,10.4
2021-05-13 6:18,10.2
2021-05-13 6:48,10.2
2021-05-13 7:18,10.1
2021-05-13 7:48,10
2021-05-13 8:18,9.4
2021-05-13 8:48,9.3
2021-05-13 9:18,9.3
2021-05-13 9:48,9.3
2021-05-13 10:18,9.1
2021-05-13 10:48,9.1
2021-05-13 11:18,9.1
2021-05-13 11:48,8.8
2021-05-13 12:18,8.7
2021-05-13 12:48,8.5
2021-05-13 13:18,8.7
2021-05-13 13:48,8.6
2021-05-13 14:18,8.7
2021-05-13 14:48,8.9
2021-05-13 15:18,9.2
2021-05-13 15:48,9.7
2021-05-13 16:18,10.5
2021-05-13 16:48,10.7
2021-05-13 17:18,10.5
2021-05-13 17:48,10.5
2021-05-13 18:18,10.6
2021-05-13 18:48,10.7
2021-05-13 19:18,12.1
2021-05-13 19:48,13
2021-05-13 20:18,14.7
2021-05-13 20:48,14.9
2021-05-13 21:18,13.3
2021-05-13 21:48,13.2
2021-05-13 22:18,13.2
2021-05-13 22:48,12.5
2021-05-13 23:18,13.6
2021-05-13 23:48,13.1
2021-05-14 0:18,13.8
2021-05-14 0:48,14.2
2021-05-14 1:18,10.3
2021-05-14 1:48,10.1
2021-05-14 2:18,10.1
2021-05-14 2:48,9.9
2021-05-14 3:18,9.8
2021-05-14 3:48,9.8
2021-05-14 4:18,9.5
2021-05-14 4:48,9.4
2021-05-14 5:18,9.2
2021-05-14 5:48,9.9
2021-05-14 6:18,10.1
2021-05-14 6:48,9.5
2021-05-14 7:18,9.5
2021-05-14 7:48,10.5
2021-05-14 8:18,10.6
2021-05-14 8:48,10
2021-05-14 9:18,9.9
2021-05-14 9:48,11.1
2021-05-14 10:18,11.5
2021-05-14 10:48,11.5
2021-05-14 11:18,10.8
2021-05-14 11:48,10.7
2021-05-14 12:18,10.6
2021-05-14 12:48,11.2
2021-05-14 13:18,10.7
2021-05-14 13:48,10.5
2021-05-14 14:18,10.4
2021-05-14 14:48,10.5
2021-05-14 15:18,10.3
2021-05-14 15:48,10.3
2021-05-14 16:18,10.2
2021-05-14 16:48,9.8
2021-05-14 17:18,9.4
2021-05-14 17:48,9.5
2021-05-14 18:18,9.5
2021-05-14 18:48,9.4
2021-05-14 19:18,9.2
2021-05-14 19:48,9.5
2021-05-14 20:18,9.9
2021-05-14 20:48,9.8
2021-05-14 21:18,9.4
2021-05-14 21:48,9.7
2021-05-14 22:18,9.9
2021-05-14 22:48,9.7
2021-05-14 23:18,10.2
2021-05-14 23:48,10.3
2021-05-15 0:18,10.2
2021-05-15 0:48,9.9
2021-05-15 1:18,9.8
2021-05-15 1:48,10.4
2021-05-15 2:18,10.1
2021-05-15 2:48,9.7
2021-05-15 3:18,10.4
2021-05-15 3:48,10.6
2021-05-15 4:18,10.3
2021-05-15 4:48,9.9
2021-05-15 5:18,9.9
2021-05-15 5:48,10
2021-05-15 6:18,9.7
2021-05-15 6:48,10
2021-05-15 7:18,10.1
2021-05-15 7:48,9.7
2021-05-15 8:18,10.7
2021-05-15 8:48,10.3
2021-05-15 9:18,10.5
2021-05-15 9:48,10.5
2021-05-15 10:18,11
2021-05-15 10:48,11
2021-05-15 11:18,10.9
2021-05-15 11:48,11.8
2021-05-15 12:18,11.2
2021-05-15 12:48,10.7
2021-05-15 13:18,10.8
2021-05-15 13:48,10.8
2021-05-15 14:18,10.9
2021-05-15 14:48,10.6
2021-05-15 15:18,10.5
2021-05-15 15:48,10.3
2021-05-15 16:18,10.3
2021-05-15 16:48,9.8
2021-05-15 17:18,10.2
2021-05-15 17:48,10.2
2021-05-15 18:18,9.8
2021-05-15 18:48,9.7
2021-05-15 19:18,9.5
2021-05-15 19:48,9.4
2021-05-15 20:18,9.3
2021-05-15 20:48,9.5
2021-05-15 21:18,9.9
2021-05-15 21:48,9.7
2021-05-15 22:18,9.6
2021-05-15 22:48,9.6
2021-05-15 23:18,9.9
2021-05-15 23:48,10
2021-05-16 0:18,10.3
2021-05-16 0:48,11
2021-05-16 1:18,10.9
2021-05-16 1:48,11.1
2021-05-16 2:18,10.4
2021-05-16 2:48,10.3
2021-05-16 3:18,10.3
2021-05-16 3:48,9.9
2021-05-16 4:18,10.4
2021-05-16 4:48,11
2021-05-16 5:18,10
2021-05-16 5:48,9.8
2021-05-16 6:18,10.1
2021-05-16 6:48,10
2021-05-16 7:18,9.8
2021-05-16 7:48,10.5
2021-05-16 8:18,9.9
2021-05-16 8:48,10.1
2021-05-16 9:18,9.9
2021-05-16 9:48,10.1
2021-05-16 10:18,10.1
2021-05-16 10:48,10
2021-05-16 11:18,10.6
2021-05-16 11:48,11.2
2021-05-16 12:18,11.1
2021-05-16 12:48,10.6
2021-05-16 13:18,11.1
2021-05-16 13:48,11.1
2021-05-16 14:18,11
2021-05-16 14:48,10.7
2021-05-16 15:18,10.5
2021-05-16 15:48,10.3
2021-05-16 16:18,10.5
2021-05-16 16:48,10.2
2021-05-16 17:18,10.2
2021-05-16 17:48,10.2
2021-05-16 18:18,9.8
2021-05-16 18:48,9.4
2021-05-16 19:18,9.4
2021-05-16 19:48,9.4
2021-05-16 20:18,9.4
2021-05-16 20:48,9.4
2021-05-16 21:18,9.7
2021-05-16 21:48,10.1
2021-05-16 22:18,9.6
2021-05-16 22:48,10
2021-05-16 23:18,10.2
2021-05-16 23:48,10.2
2021-05-17 0:18,10.2
2021-05-17 0:48,10.2
2021-05-17 1:18,10.8
2021-05-17 1:48,11.1
2021-05-17 2:18,10.8
2021-05-17 2:48,10.5
2021-05-17 3:18,10.5
2021-05-17 3:48,10.9
2021-05-17 4:18,10.6
2021-05-17 4:48,10.6
2021-05-17 5:18,11.5
2021-05-17 5:48,11
2021-05-17 6:18,10.7
2021-05-17 6:48,10.8
2021-05-17 7:18,10.7
2021-05-17 7:48,10.7
2021-05-17 8:18,10.8
2021-05-17 8:48,11.8
2021-05-17 9:18,11.7
2021-05-17 9:48,12.2
2021-05-17 10:18,11.3
2021-05-17 10:48,11.9
2021-05-17 11:18,11.6
2021-05-17 11:48,11.4
2021-05-17 12:18,11.1
2021-05-17 12:48,11.5
2021-05-17 13:18,11.5
2021-05-17 13:48,11.4
2021-05-17 14:18,11.5
2021-05-17 14:48,10.9
2021-05-17 15:18,11.4
2021-05-17 15:48,10.6
2021-05-17 16:18,10.7
2021-05-17 16:48,11.2
2021-05-17 17:18,11.4
2021-05-17 17:48,11.6
2021-05-17 18:18,12.2
2021-05-17 18:48,14.1
2021-05-17 19:18,14.5
2021-05-17 19:48,14.7
2021-05-17 20:18,14.7
2021-05-17 20:48,14.8
2021-05-17 21:18,14.9
2021-05-17 21:48,14.9
2021-05-17 22:18,14.9
2021-05-17 22:48,15
2021-05-17 23:18,15
2021-05-17 23:48,15
2021-05-18 0:18,16.6